"","Analysis","Calculus 1","Calculus 2","Caps","Complex","Linalg1","Linalg 2","Nummat 1","Ode","Prob","Stat","Statr"
"1",NA,5,NA,NA,NA,NA,NA,NA,NA,NA,NA,NA
"2",NA,NA,NA,NA,6,NA,NA,NA,NA,NA,NA,NA
"3",NA,NA,8,NA,NA,NA,NA,NA,NA,NA,NA,NA
"4",NA,NA,NA,NA,NA,NA,NA,NA,2,NA,NA,NA
"5",NA,NA,9,NA,NA,NA,NA,NA,8,9,NA,NA
"6",NA,NA,NA,NA,NA,NA,NA,7,NA,NA,NA,NA
"7",NA,NA,NA,NA,NA,NA,NA,5,NA,NA,NA,NA
"8",NA,NA,NA,NA,NA,NA,NA,NA,NA,NA,9.5,9.5
"9",NA,4.5,3.5,5,NA,NA,3.5,NA,NA,NA,NA,NA
"10",NA,NA,NA,NA,NA,NA,NA,NA,NA,3.5,3.5,3.5
"11",NA,NA,NA,NA,NA,NA,NA,NA,NA,2,6,NA
"12",NA,NA,NA,NA,NA,NA,NA,NA,NA,6,NA,NA
"13",NA,9.5,NA,NA,NA,8.5,NA,NA,NA,NA,NA,NA
"14",NA,NA,NA,NA,NA,2,NA,NA,NA,NA,NA,NA
"15",NA,NA,NA,NA,NA,NA,NA,NA,NA,NA,9.5,9.5
"16",NA,NA,5,NA,NA,NA,NA,NA,NA,NA,NA,NA
"17",NA,NA,5,NA,6,NA,NA,NA,NA,NA,NA,NA
"18",NA,NA,NA,NA,NA,NA,NA,NA,NA,9,NA,NA
"19",NA,NA,NA,NA,NA,NA,NA,NA,6,NA,NA,NA
"20",NA,NA,2,NA,NA,NA,NA,NA,NA,NA,NA,NA
"21",NA,NA,NA,NA,NA,NA,NA,8.5,NA,NA,NA,NA
"22",NA,NA,NA,NA,8.5,NA,NA,NA,NA,NA,8.5,8.5
"23",NA,NA,NA,NA,NA,1.5,NA,NA,NA,NA,NA,NA
"24",NA,6,NA,NA,NA,4.5,7,NA,NA,NA,NA,NA
"25",NA,NA,NA,NA,NA,NA,NA,NA,6,NA,NA,NA
"26",NA,6.5,NA,NA,NA,NA,NA,NA,NA,NA,NA,NA
"27",6,7.5,6.5,7,6,8,6,4.5,6.5,4,6.5,6.5
"28",NA,NA,NA,NA,NA,NA,NA,NA,NA,NA,10,10
"29",NA,NA,NA,NA,NA,NA,NA,NA,NA,9,NA,NA
"30",NA,NA,NA,NA,NA,NA,NA,NA,NA,2,7,7
"31",NA,NA,NA,NA,NA,NA,NA,NA,NA,2.5,NA,NA
"32",NA,NA,NA,NA,NA,NA,NA,NA,NA,NA,7.5,NA
"33",NA,NA,NA,NA,NA,NA,NA,5,NA,NA,NA,NA
"34",NA,8.5,9.5,NA,NA,NA,9.5,NA,NA,NA,NA,NA
"35",6,NA,NA,NA,NA,NA,NA,NA,NA,6.5,NA,NA
"36",NA,NA,NA,NA,NA,NA,NA,5,NA,NA,NA,NA
"37",NA,NA,NA,NA,7,NA,NA,5,NA,NA,6,NA
"38",NA,9,NA,NA,NA,NA,NA,NA,NA,NA,NA,NA
"39",NA,NA,NA,NA,NA,NA,NA,NA,6,6,1.5,1.5
"40",NA,NA,NA,NA,NA,NA,NA,NA,6,6,1.5,1.5
"41",NA,NA,NA,NA,NA,NA,NA,NA,6,6,1.5,1.5
"42",NA,NA,NA,NA,NA,NA,NA,NA,6,6,1.5,1.5
"43",NA,NA,NA,NA,NA,NA,NA,NA,NA,NA,8,8
"44",NA,NA,NA,NA,NA,NA,NA,NA,NA,6,2,2
"45",NA,NA,NA,NA,NA,NA,NA,NA,NA,6.5,NA,NA
"46",NA,NA,NA,NA,NA,NA,NA,NA,6,3,8,NA
"47",NA,NA,NA,NA,NA,NA,NA,NA,6,3,8,NA
"48",NA,NA,NA,NA,NA,NA,NA,NA,NA,NA,6,NA
"49",NA,NA,NA,NA,NA,NA,NA,NA,NA,6,NA,NA
"50",NA,NA,7.5,NA,NA,NA,NA,5,NA,NA,NA,NA
"51",NA,NA,NA,NA,NA,NA,NA,7,NA,NA,NA,NA
"52",NA,NA,NA,NA,NA,NA,NA,NA,NA,NA,9.5,9.5
"53",NA,NA,NA,NA,NA,NA,NA,NA,NA,NA,10,10
"54",6,NA,NA,NA,NA,NA,NA,5,NA,NA,NA,NA
"55",NA,NA,NA,NA,NA,NA,NA,NA,NA,NA,7.5,7.5
"56",NA,5,2.5,NA,NA,8,NA,NA,NA,NA,NA,NA
"57",NA,NA,NA,7,NA,NA,NA,NA,NA,NA,NA,NA
"58",7,9.5,9.5,8.5,9,9,8.5,8.5,9.5,6,10,NA
"59",NA,NA,NA,NA,NA,NA,NA,NA,4,NA,NA,NA
"60",NA,NA,NA,NA,NA,NA,NA,NA,7.5,NA,NA,NA
"61",8.5,8.5,8.5,6,8,8,8,7,8,9,6.5,NA
"62",7,NA,NA,NA,NA,NA,NA,NA,NA,NA,NA,NA
"63",NA,NA,NA,NA,9,NA,NA,NA,5,NA,NA,NA
"64",NA,9,6,7,NA,6,7,NA,NA,6,NA,NA
"65",NA,NA,NA,NA,NA,NA,NA,7.5,NA,NA,NA,NA
"66",6,NA,7.5,8,NA,NA,NA,NA,NA,NA,NA,NA
"67",NA,NA,NA,NA,NA,NA,NA,NA,6,NA,NA,NA
"68",NA,8,NA,NA,NA,7.5,NA,NA,NA,NA,9,9
"69",NA,9.5,NA,NA,NA,NA,NA,NA,NA,NA,NA,NA
"70",NA,7.5,6,NA,NA,3,NA,NA,NA,NA,NA,NA
"71",4.5,7.5,6,6.5,6,8,6,4.5,7,5,5,NA
"72",NA,NA,NA,NA,NA,NA,NA,5,NA,NA,NA,NA
"73",NA,NA,NA,NA,NA,NA,NA,7,NA,NA,NA,NA
"74",NA,NA,NA,NA,6.5,NA,NA,NA,NA,NA,NA,NA
"75",NA,7.5,5,NA,NA,NA,NA,NA,NA,NA,NA,NA
"76",NA,8.5,6,NA,NA,7,NA,NA,NA,NA,NA,NA
"77",NA,NA,9.5,NA,NA,NA,NA,NA,NA,NA,NA,NA
"78",NA,NA,NA,NA,NA,NA,NA,NA,NA,8.5,5,5
"79",NA,NA,NA,NA,NA,NA,9,NA,NA,NA,NA,NA
"80",NA,NA,NA,NA,NA,NA,NA,NA,NA,NA,1,1
"81",NA,NA,NA,NA,NA,NA,NA,NA,NA,NA,9.5,9.5
"82",NA,NA,NA,NA,NA,NA,NA,NA,6,NA,NA,NA
"83",NA,NA,NA,NA,NA,NA,NA,NA,NA,6.5,NA,NA
"84",NA,NA,NA,NA,NA,3,NA,NA,NA,NA,NA,NA
"85",NA,NA,NA,NA,NA,NA,NA,NA,NA,7.5,NA,NA
"86",NA,NA,4,NA,NA,NA,NA,NA,NA,NA,NA,NA
"87",NA,NA,NA,NA,NA,NA,NA,NA,NA,3.5,NA,NA
"88",NA,NA,NA,NA,NA,NA,NA,NA,NA,1,NA,NA
"89",NA,NA,NA,NA,NA,NA,NA,NA,NA,NA,8.5,8.5
"90",NA,NA,NA,NA,NA,NA,NA,4.5,NA,NA,NA,NA
"91",NA,NA,NA,NA,NA,NA,NA,NA,NA,3,NA,NA
"92",NA,NA,NA,NA,NA,NA,NA,6,NA,NA,NA,NA
"93",NA,NA,NA,NA,NA,NA,NA,NA,6.5,NA,NA,NA
"94",NA,NA,NA,NA,NA,NA,NA,NA,NA,NA,8,NA
"95",NA,NA,NA,NA,NA,NA,NA,NA,NA,3.5,NA,NA
"96",6,6.5,6,NA,5,5,6,8,7.5,NA,NA,NA
"97",4,NA,NA,NA,NA,NA,NA,NA,NA,NA,NA,NA
"98",NA,NA,6,NA,7,NA,NA,NA,NA,NA,NA,NA
"99",NA,NA,NA,NA,NA,NA,3.5,NA,NA,NA,NA,NA
"100",NA,NA,NA,NA,NA,NA,NA,NA,7.5,NA,NA,NA
"101",7.5,NA,8,NA,NA,NA,8.5,8,7.5,9,7.5,NA
"102",NA,NA,NA,NA,NA,NA,NA,7,NA,NA,NA,NA
"103",NA,NA,7,NA,NA,NA,NA,NA,NA,2.5,NA,NA
"104",NA,NA,NA,NA,NA,NA,NA,6,NA,NA,NA,NA
"105",NA,NA,NA,NA,NA,NA,NA,6.5,NA,NA,NA,NA
"106",NA,NA,NA,NA,NA,NA,NA,NA,NA,NA,9.5,9.5
"107",NA,NA,NA,NA,NA,NA,NA,NA,NA,NA,10,10
"108",NA,NA,NA,NA,NA,NA,NA,5,NA,NA,NA,NA
"109",NA,NA,NA,NA,3,NA,NA,NA,NA,NA,NA,NA
"110",NA,NA,NA,NA,NA,NA,NA,7,NA,NA,NA,NA
"111",NA,9,7,NA,NA,7,NA,NA,NA,NA,NA,NA
"112",NA,NA,NA,NA,NA,NA,NA,5,NA,NA,NA,NA
"113",NA,9,NA,8,NA,6.5,NA,NA,NA,NA,NA,NA
"114",NA,NA,9.5,NA,NA,NA,NA,NA,7.5,9,NA,NA
"115",NA,NA,NA,NA,NA,NA,NA,5,NA,NA,NA,NA
"116",NA,NA,NA,NA,NA,NA,NA,8,NA,NA,NA,NA
"117",NA,NA,NA,NA,NA,NA,NA,NA,NA,6,NA,NA
"118",NA,8.5,6.5,NA,NA,5,NA,NA,NA,NA,NA,NA
"119",NA,7.5,NA,NA,NA,6.5,NA,NA,NA,NA,NA,NA
"120",7,NA,7,NA,8,NA,NA,NA,9.5,6,9.5,7
"121",NA,NA,NA,NA,NA,NA,NA,NA,NA,9.5,NA,NA
"122",NA,NA,6,NA,NA,NA,NA,NA,NA,NA,NA,NA
"123",NA,NA,9,NA,NA,NA,NA,NA,9,9,NA,NA
"124",NA,NA,NA,NA,NA,NA,4.5,NA,NA,NA,NA,NA
"125",NA,6.5,3.5,NA,6,6,NA,NA,NA,NA,NA,NA
"126",NA,NA,6,NA,NA,NA,NA,NA,NA,6,NA,NA
"127",NA,NA,NA,NA,6,NA,NA,NA,NA,NA,NA,NA
"128",NA,NA,4.5,7.5,4,6,7,NA,NA,1.5,7.5,NA
"129",NA,NA,7.5,NA,NA,NA,NA,NA,NA,NA,NA,NA
"130",NA,NA,NA,NA,6.5,NA,NA,NA,7,6.5,7,NA
"131",NA,NA,NA,NA,NA,NA,8,8.5,7.5,8,9,NA
"132",NA,NA,NA,NA,NA,NA,NA,NA,NA,NA,10,10
"133",6.5,9.5,8.5,8.5,NA,8.5,7.5,NA,NA,7,NA,NA
"134",NA,NA,1,NA,NA,NA,NA,NA,NA,NA,NA,NA
"135",NA,NA,NA,NA,NA,NA,NA,NA,NA,7,NA,NA
"136",NA,NA,7,NA,NA,NA,NA,NA,7.5,8.5,NA,NA
"137",NA,NA,7,NA,NA,NA,NA,NA,NA,NA,NA,NA
"138",NA,NA,NA,NA,NA,NA,NA,7.5,NA,NA,NA,NA
"139",NA,NA,NA,NA,NA,NA,NA,NA,NA,NA,10,10
"140",NA,NA,8.5,NA,NA,NA,NA,NA,NA,NA,NA,NA
"141",NA,NA,NA,NA,NA,NA,NA,NA,NA,NA,10,10
"142",NA,NA,NA,NA,NA,NA,NA,NA,7.5,NA,NA,NA
"143",NA,NA,NA,NA,NA,NA,NA,7.5,NA,NA,NA,NA
"144",NA,NA,NA,NA,NA,NA,NA,NA,8,NA,NA,NA
"145",NA,NA,NA,NA,8,NA,NA,NA,NA,NA,NA,NA
"146",NA,NA,NA,NA,NA,NA,NA,NA,NA,7,NA,NA
"147",NA,NA,NA,NA,NA,NA,NA,NA,NA,8.5,NA,NA
"148",NA,NA,8.5,NA,NA,NA,NA,NA,7.5,8.5,NA,NA
"149",NA,NA,7,NA,NA,NA,NA,7.5,NA,NA,NA,NA
"150",6.5,9,5,8,NA,9,7,7.5,7.5,6,NA,NA
"151",NA,NA,6,NA,8,NA,NA,8.5,NA,NA,8,NA
"152",NA,8,6.5,NA,NA,6,NA,NA,NA,NA,NA,NA
"153",NA,NA,NA,NA,NA,NA,NA,NA,NA,NA,8.5,8.5
"154",NA,NA,NA,8,NA,NA,8.5,NA,7,7,NA,NA
"155",NA,NA,NA,NA,NA,NA,NA,NA,NA,9,NA,NA
"156",6,7.5,6.5,7.5,7.5,4.5,6.5,7.5,7,6,2.5,NA
"157",NA,NA,NA,NA,NA,NA,NA,7,NA,NA,NA,NA
"158",NA,NA,NA,NA,NA,NA,NA,NA,NA,1.5,NA,NA
"159",NA,NA,6,NA,NA,NA,NA,NA,NA,4,NA,NA
"160",6.5,NA,NA,NA,NA,NA,8.5,NA,7.5,NA,7.5,NA
"161",NA,NA,NA,NA,NA,NA,NA,5,NA,NA,NA,NA
"162",NA,NA,9,NA,NA,NA,NA,NA,NA,NA,NA,NA
"163",NA,NA,8,NA,NA,NA,NA,NA,NA,NA,NA,NA
"164",NA,5,NA,2.5,NA,2,4,NA,NA,NA,NA,NA
"165",NA,NA,NA,NA,NA,NA,NA,NA,NA,7,NA,NA
"166",NA,NA,NA,NA,NA,NA,NA,NA,NA,9,NA,NA
"167",NA,NA,NA,NA,NA,NA,NA,NA,NA,4,6,6
"168",NA,8,NA,NA,NA,NA,NA,NA,NA,NA,NA,NA
"169",NA,NA,8.5,NA,NA,NA,NA,NA,NA,NA,NA,NA
"170",NA,8,6,NA,NA,6,NA,NA,NA,NA,NA,NA
"171",NA,NA,6.5,NA,NA,NA,NA,NA,NA,NA,NA,NA
"172",NA,NA,NA,6,NA,NA,NA,NA,6,6,NA,NA
"173",NA,NA,NA,6,NA,NA,NA,NA,6,7,NA,NA
"174",NA,6,NA,NA,NA,NA,NA,NA,NA,NA,NA,NA
"175",NA,NA,NA,NA,NA,NA,NA,NA,NA,10,9.5,9.5
"176",NA,NA,NA,NA,NA,NA,NA,NA,NA,NA,6.5,NA
"177",NA,NA,6,NA,NA,NA,NA,5,NA,NA,NA,NA
"178",NA,NA,NA,NA,NA,NA,NA,NA,NA,9,NA,NA
"179",NA,NA,NA,NA,NA,NA,NA,NA,NA,NA,10,NA
"180",6,8.5,NA,6,5,NA,6,NA,NA,7.5,2,NA
"181",NA,NA,NA,NA,NA,NA,NA,7.5,NA,NA,NA,NA
"182",NA,NA,NA,NA,NA,NA,NA,5,NA,NA,NA,NA
"183",NA,NA,6,NA,NA,NA,NA,4.5,6,NA,3.5,NA
"184",NA,NA,NA,NA,NA,NA,NA,NA,NA,10,NA,NA
"185",6,NA,6,NA,NA,NA,NA,NA,6.5,7.5,6,NA
"186",NA,NA,8,8.5,NA,NA,8,NA,6,6,5,NA
"187",NA,NA,NA,NA,10,NA,NA,NA,8.5,NA,NA,NA
"188",6.5,10,6,6,NA,9,8.5,NA,NA,4,NA,NA
"189",NA,6,3.5,NA,NA,NA,NA,NA,NA,NA,NA,NA
"190",NA,NA,NA,NA,NA,7,NA,NA,NA,NA,NA,NA
"191",NA,NA,6.5,NA,7.5,NA,NA,NA,NA,NA,NA,NA
"192",NA,NA,NA,NA,NA,NA,NA,NA,NA,4,8.5,NA
"193",NA,NA,NA,NA,NA,NA,NA,NA,NA,6.5,NA,NA
"194",NA,NA,NA,NA,NA,NA,NA,NA,3.5,NA,7.5,7.5
"195",NA,NA,NA,NA,NA,NA,NA,NA,NA,NA,8.5,8.5
"196",NA,NA,NA,NA,NA,NA,NA,NA,NA,NA,10,10
"197",NA,NA,6,NA,NA,NA,NA,NA,NA,NA,NA,NA
"198",NA,NA,7,NA,NA,NA,NA,NA,NA,NA,NA,NA
"199",NA,NA,NA,NA,NA,NA,NA,7,NA,NA,NA,NA
"200",NA,NA,6,NA,NA,NA,NA,NA,NA,NA,NA,NA
"201",NA,NA,NA,NA,NA,NA,NA,NA,7,NA,7,7
"202",6,NA,7,NA,NA,NA,7.5,NA,6.5,2.5,8,8
"203",6,NA,7,NA,NA,NA,7.5,NA,6.5,2.5,8,8
"204",6,NA,7,NA,NA,NA,7.5,NA,6.5,3.5,8,8
"205",6,NA,7,NA,NA,NA,7.5,NA,6.5,3.5,8,8
"206",6,NA,7,NA,NA,NA,7.5,NA,6.5,2.5,8,8
"207",6,NA,7,NA,NA,NA,7.5,NA,6.5,2.5,8,8
"208",6,NA,7,NA,NA,NA,7.5,NA,6.5,3.5,8,8
"209",6,NA,7,NA,NA,NA,7.5,NA,6.5,3.5,8,8
"210",NA,NA,NA,NA,NA,NA,NA,5,NA,NA,NA,NA
"211",NA,NA,NA,NA,NA,NA,NA,NA,6,NA,NA,NA
"212",NA,NA,6,NA,NA,NA,NA,NA,NA,NA,NA,NA
"213",NA,NA,7.5,NA,NA,NA,NA,NA,NA,6.5,9,9
"214",NA,NA,7.5,NA,NA,NA,NA,NA,NA,6.5,9,9
"215",NA,NA,7.5,NA,NA,NA,NA,NA,NA,8.5,9,9
"216",NA,NA,7.5,NA,NA,NA,NA,NA,NA,8.5,9,9
"217",NA,NA,7.5,NA,NA,NA,NA,NA,NA,6.5,9,9
"218",NA,NA,7.5,NA,NA,NA,NA,NA,NA,6.5,9,9
"219",NA,NA,7.5,NA,NA,NA,NA,NA,NA,8.5,9,9
"220",NA,NA,7.5,NA,NA,NA,NA,NA,NA,8.5,9,9
"221",NA,NA,6.5,NA,NA,6.5,NA,NA,NA,NA,NA,NA
"222",NA,NA,NA,NA,NA,NA,NA,7.5,NA,NA,NA,NA
"223",NA,NA,5,NA,NA,NA,NA,NA,NA,NA,NA,NA
"224",NA,NA,NA,NA,NA,NA,NA,NA,NA,8.5,10,10
"225",NA,5,NA,NA,NA,2.5,NA,NA,NA,NA,NA,NA
"226",NA,NA,NA,NA,NA,NA,NA,NA,6.5,6.5,1,1
"227",NA,NA,NA,NA,NA,NA,NA,NA,6.5,6.5,1,1
"228",NA,NA,NA,NA,NA,NA,NA,NA,6.5,6.5,1,1
"229",NA,NA,NA,NA,NA,NA,NA,NA,6.5,6.5,1,1
"230",NA,NA,NA,NA,NA,NA,NA,NA,NA,4,8,NA
"231",NA,5,NA,NA,NA,2.5,NA,NA,NA,NA,NA,NA
"232",NA,NA,NA,NA,NA,NA,NA,NA,NA,NA,10,10
"233",NA,NA,NA,NA,NA,6,NA,NA,NA,NA,NA,NA
"234",NA,7.5,NA,NA,NA,4.5,9.5,NA,NA,NA,NA,NA
"235",NA,NA,NA,NA,NA,NA,NA,NA,NA,NA,4.5,4.5
"236",NA,3,NA,NA,NA,NA,NA,NA,NA,NA,NA,NA
"237",4,NA,NA,NA,NA,NA,NA,NA,4,3.5,6,2
"238",4,NA,NA,NA,NA,NA,NA,NA,4,3.5,6,2
"239",4,NA,NA,NA,NA,NA,NA,NA,4,4,6,2
"240",4,NA,NA,NA,NA,NA,NA,NA,4,4,6,2
"241",4,NA,NA,NA,NA,NA,NA,NA,4,3.5,6,2
"242",4,NA,NA,NA,NA,NA,NA,NA,4,3.5,6,2
"243",4,NA,NA,NA,NA,NA,NA,NA,4,4,6,2
"244",4,NA,NA,NA,NA,NA,NA,NA,4,4,6,2
"245",NA,6.5,NA,NA,NA,2,NA,NA,NA,NA,NA,NA
"246",7.5,10,7,7.5,7.5,8,8,7.5,7,8.5,6,NA
"247",NA,NA,4,NA,NA,NA,NA,NA,NA,NA,NA,NA
"248",NA,8,8,NA,7,6,NA,NA,NA,NA,NA,NA
"249",NA,NA,NA,NA,9.5,NA,NA,NA,NA,NA,10,10
"250",NA,NA,NA,NA,NA,NA,NA,5,NA,NA,NA,NA
"251",NA,NA,7.5,NA,NA,5,NA,NA,NA,NA,NA,NA
"252",NA,NA,7,NA,NA,NA,NA,NA,NA,NA,NA,NA
"253",NA,NA,6.5,NA,6,7,NA,NA,NA,NA,NA,NA
"254",NA,NA,9.5,NA,NA,NA,NA,NA,NA,NA,NA,NA
"255",NA,NA,7.5,NA,NA,NA,NA,NA,NA,NA,NA,NA
"256",NA,NA,NA,NA,NA,NA,NA,NA,8.5,5,7,6.5
"257",3,NA,5,NA,NA,NA,NA,NA,6,3,NA,NA
"258",NA,9.5,8,NA,8.5,8.5,NA,NA,NA,NA,NA,NA
"259",NA,7.5,NA,NA,NA,NA,NA,NA,NA,NA,NA,NA
"260",NA,NA,6,NA,6.5,NA,NA,NA,NA,NA,NA,NA
"261",NA,NA,4.5,NA,NA,NA,NA,NA,NA,NA,NA,NA
"262",NA,NA,5,NA,NA,4.5,NA,NA,NA,NA,NA,NA
"263",NA,8.5,NA,NA,NA,NA,NA,NA,NA,NA,NA,NA
"264",NA,5,4.5,NA,NA,NA,NA,NA,NA,NA,NA,NA
"265",NA,7,NA,NA,NA,5,NA,NA,NA,NA,NA,NA
"266",NA,6,3.5,NA,NA,2.5,NA,NA,NA,NA,NA,NA
"267",NA,8.5,NA,NA,NA,NA,NA,NA,NA,NA,NA,NA
"268",NA,NA,7.5,NA,NA,NA,NA,8,8.5,8,NA,NA
"269",NA,NA,NA,NA,3.5,NA,NA,NA,NA,NA,NA,NA
"270",NA,6.5,NA,NA,NA,NA,NA,NA,NA,NA,NA,NA
"271",NA,NA,7,NA,NA,NA,NA,NA,NA,NA,NA,NA
"272",NA,NA,4,NA,NA,NA,NA,NA,NA,NA,NA,NA
"273",NA,NA,6.5,NA,NA,NA,NA,6.5,NA,NA,NA,NA
"274",NA,NA,9,NA,NA,NA,NA,NA,NA,NA,NA,NA
"275",3.5,NA,7,6.5,NA,NA,7.5,7,8,6.5,7,NA
"276",NA,NA,6,NA,NA,5,NA,NA,NA,NA,NA,NA
"277",NA,NA,2,NA,NA,NA,NA,NA,NA,NA,NA,NA
"278",NA,NA,10,NA,NA,NA,NA,NA,9,10,NA,NA
"279",NA,NA,6,NA,NA,NA,NA,NA,NA,NA,NA,NA
"280",NA,NA,7,NA,NA,NA,NA,NA,NA,NA,NA,NA
"281",6,8,6,8.5,7.5,6,6,8,6,9,6,NA
"282",NA,NA,7,NA,NA,NA,NA,NA,NA,NA,NA,NA
"283",NA,7,NA,NA,NA,NA,NA,NA,NA,NA,NA,NA
"284",NA,NA,7.5,NA,NA,6.5,NA,NA,NA,NA,NA,NA
"285",NA,NA,4.5,NA,NA,NA,NA,NA,NA,NA,NA,NA
"286",NA,NA,NA,NA,NA,NA,NA,NA,9,NA,NA,NA
"287",4.5,6.5,5,6,NA,5,NA,NA,NA,3,NA,NA
"288",NA,NA,9,NA,6,NA,NA,NA,NA,NA,NA,NA
"289",NA,NA,NA,NA,NA,NA,NA,6.5,NA,NA,NA,NA
"290",NA,NA,4.5,NA,NA,7,NA,6.5,NA,NA,NA,NA
"291",NA,NA,8.5,NA,NA,NA,NA,8.5,NA,NA,NA,NA
"292",NA,NA,10,NA,NA,NA,NA,NA,9.5,10,NA,NA
"293",2,8.5,4,NA,NA,6,4.5,NA,NA,NA,NA,NA
"294",NA,9.5,7.5,NA,6,9,NA,NA,NA,NA,NA,NA
"295",NA,NA,6,NA,NA,6,NA,NA,NA,NA,NA,NA
"296",NA,NA,NA,8,NA,6,NA,NA,NA,NA,NA,NA
"297",NA,NA,NA,NA,8,NA,NA,NA,NA,NA,NA,NA
"298",NA,NA,7.5,NA,NA,NA,NA,NA,NA,NA,NA,NA
"299",NA,NA,8,NA,NA,NA,NA,NA,NA,NA,NA,NA
"300",NA,NA,8,NA,NA,NA,NA,NA,NA,NA,8,NA
"301",NA,9,9,NA,NA,9,6.5,NA,NA,NA,NA,NA
"302",6,9,6,7.5,8.5,8,7.5,7,6,NA,NA,NA
"303",NA,NA,6,NA,NA,6,NA,NA,NA,NA,NA,NA
"304",NA,NA,7,NA,NA,NA,NA,NA,NA,NA,NA,NA
"305",NA,9,7,NA,NA,7,NA,NA,NA,NA,NA,NA
"306",NA,NA,9,NA,NA,NA,NA,NA,9,8,NA,NA
"307",NA,NA,6,NA,NA,NA,NA,NA,NA,NA,NA,NA
"308",NA,NA,2.5,NA,NA,NA,NA,NA,NA,NA,NA,NA
"309",NA,NA,7,NA,NA,NA,NA,NA,NA,NA,NA,NA
"310",NA,NA,4.5,NA,NA,NA,NA,NA,NA,NA,NA,NA
"311",NA,NA,6,NA,NA,NA,NA,NA,NA,NA,NA,NA
"312",6,8,6,6,6,8,6.5,7,6.5,6,6.5,4
"313",NA,8,6.5,NA,6,8,NA,NA,NA,NA,NA,NA
"314",NA,NA,6.5,NA,NA,NA,NA,NA,NA,NA,NA,NA
"315",NA,9.5,8.5,NA,NA,7,NA,8.5,NA,NA,NA,NA
"316",NA,NA,8.5,8.5,NA,NA,NA,8.5,NA,NA,8.5,NA
"317",NA,NA,7,NA,NA,NA,NA,NA,NA,NA,7.5,NA
"318",NA,NA,9,NA,NA,NA,NA,NA,NA,NA,NA,NA
"319",NA,NA,7,NA,NA,NA,NA,NA,6.5,9,NA,NA
"320",NA,NA,7,NA,NA,NA,NA,NA,6.5,6,NA,NA
"321",NA,NA,6.5,NA,NA,NA,NA,NA,NA,NA,NA,NA
"322",NA,NA,8,NA,NA,NA,NA,NA,NA,NA,NA,NA
"323",NA,NA,8.5,NA,NA,NA,NA,NA,NA,NA,NA,NA
"324",NA,NA,7,NA,9.5,NA,NA,NA,NA,NA,NA,NA
"325",NA,8.5,8.5,NA,7.5,8.5,NA,NA,NA,NA,NA,NA
"326",NA,NA,7,NA,NA,6.5,NA,NA,NA,NA,NA,NA
"327",NA,NA,5,NA,NA,NA,NA,NA,NA,NA,NA,NA
"328",NA,NA,9,NA,NA,NA,NA,NA,NA,NA,NA,NA
"329",NA,NA,NA,NA,NA,6,NA,NA,NA,NA,NA,NA
"330",NA,NA,8.5,NA,NA,NA,NA,NA,NA,NA,NA,NA
"331",NA,6,6,NA,NA,8,NA,NA,NA,NA,NA,NA
"332",NA,NA,7.5,NA,NA,NA,NA,NA,7,7.5,NA,NA
"333",NA,NA,6.5,NA,NA,NA,NA,7,NA,NA,NA,NA
"334",NA,NA,NA,NA,9.5,NA,NA,NA,NA,NA,NA,NA
"335",NA,NA,3.5,NA,NA,NA,NA,NA,NA,NA,NA,NA
"336",NA,NA,7.5,NA,7,NA,NA,NA,7.5,5,7.5,NA
"337",NA,NA,7.5,NA,7,NA,NA,NA,7.5,5,7.5,NA
"338",NA,NA,6.5,NA,NA,NA,NA,NA,NA,NA,NA,NA
"339",NA,NA,6.5,NA,NA,NA,NA,NA,NA,NA,NA,NA
"340",NA,9,8,NA,6,7,NA,NA,NA,NA,NA,NA
"341",NA,NA,NA,NA,NA,NA,NA,NA,8,NA,NA,NA
"342",NA,NA,6.5,NA,NA,7,NA,NA,NA,NA,NA,NA
"343",7,NA,9,NA,NA,NA,NA,NA,NA,NA,NA,NA
"344",4,6.5,4,6,NA,6,5,NA,6.5,NA,NA,NA
"345",NA,7.5,6,NA,NA,6,NA,NA,NA,NA,NA,NA
"346",NA,8.5,6.5,NA,NA,9,NA,NA,NA,NA,NA,NA
"347",NA,NA,7.5,NA,NA,NA,NA,NA,NA,NA,NA,NA
"348",NA,8.5,8,8,9,7,8.5,9,7.5,6.5,8,6
"349",NA,6.5,NA,NA,NA,NA,NA,NA,NA,NA,NA,NA
"350",NA,NA,NA,NA,NA,NA,NA,NA,8.5,NA,NA,NA
"351",NA,NA,4,NA,NA,NA,NA,NA,NA,NA,NA,NA
"352",NA,NA,3.5,NA,NA,NA,NA,NA,NA,NA,NA,NA
"353",NA,NA,4.5,NA,NA,NA,NA,NA,NA,NA,NA,NA
"354",NA,NA,7,NA,NA,NA,NA,NA,NA,NA,NA,NA
"355",NA,NA,7,NA,NA,NA,NA,NA,NA,NA,NA,NA
"356",NA,NA,8.5,NA,NA,NA,NA,NA,NA,NA,NA,NA
"357",NA,NA,8,NA,NA,NA,NA,NA,6.5,6,NA,NA
"358",NA,7.5,NA,NA,NA,NA,NA,NA,NA,NA,NA,NA
"359",7,8,6,6,NA,7.5,NA,NA,NA,NA,NA,NA
"360",8,NA,7,NA,NA,NA,NA,NA,6.5,6,NA,NA
"361",NA,NA,7.5,NA,NA,8,NA,NA,NA,NA,NA,NA
"362",NA,NA,NA,NA,NA,NA,NA,NA,NA,NA,6.5,NA
"363",NA,7,6,NA,NA,7,NA,NA,NA,NA,NA,NA
"364",NA,NA,6.5,NA,NA,NA,NA,NA,7.5,6.5,NA,NA
"365",6,8,6,NA,8,NA,NA,NA,6.5,8.5,6.5,NA
"366",NA,NA,6,NA,NA,NA,NA,8,7,4.5,2.5,NA
"367",NA,NA,6,NA,NA,NA,NA,8,7,4.5,2.5,NA
"368",6.5,NA,6,NA,NA,NA,NA,7.5,6,NA,1.5,NA
"369",NA,NA,6.5,NA,NA,NA,NA,NA,NA,NA,NA,NA
"370",NA,NA,8.5,NA,NA,NA,NA,NA,NA,NA,NA,NA
"371",NA,NA,6,NA,NA,NA,NA,NA,7.5,9,NA,NA
"372",NA,NA,3,NA,NA,NA,NA,NA,NA,NA,NA,NA
"373",NA,NA,3,NA,NA,3,NA,NA,NA,NA,NA,NA
"374",NA,NA,9.5,NA,NA,NA,NA,NA,NA,NA,NA,NA
"375",6,NA,4.5,6.5,7,6.5,1,7,6,NA,3,NA
"376",NA,NA,NA,NA,NA,NA,NA,NA,9,NA,NA,NA
"377",NA,9,7.5,NA,NA,7.5,NA,6.5,NA,NA,NA,NA
"378",NA,NA,6.5,NA,NA,NA,NA,7,NA,NA,NA,NA
"379",NA,NA,9,NA,NA,NA,NA,NA,10,8.5,NA,NA
"380",NA,NA,6,NA,NA,NA,NA,NA,NA,NA,NA,NA
"381",NA,NA,6.5,NA,NA,NA,NA,NA,NA,NA,NA,NA
"382",NA,NA,6,NA,NA,NA,NA,NA,NA,4,NA,NA
"383",NA,NA,7.5,NA,NA,NA,NA,NA,NA,NA,NA,NA
"384",NA,NA,7,NA,NA,NA,NA,NA,NA,NA,NA,NA
"385",NA,NA,NA,NA,7.5,NA,NA,NA,8,NA,NA,NA
"386",NA,NA,7.5,NA,NA,NA,NA,NA,NA,NA,NA,NA
"387",NA,NA,6,NA,NA,NA,NA,7.5,NA,NA,NA,NA
"388",NA,NA,8.5,NA,NA,NA,NA,NA,NA,NA,NA,NA
"389",NA,NA,10,NA,NA,NA,NA,NA,NA,NA,NA,NA
"390",NA,NA,6,NA,7,9,9,NA,6.5,2.5,5,NA
"391",NA,NA,6,NA,7,9,9,NA,6.5,2.5,5,NA
"392",NA,NA,7,7.5,NA,NA,6,NA,NA,8,NA,NA
"393",NA,NA,6.5,NA,NA,NA,NA,NA,7,6.5,NA,NA
"394",7.5,9.5,NA,8,9.5,NA,7.5,9,7.5,3.5,9.5,8.5
"395",NA,NA,8,NA,NA,NA,NA,NA,9,9,NA,NA
"396",NA,NA,7,NA,NA,8,8.5,NA,7,6.5,NA,NA
"397",NA,NA,6,NA,NA,3.5,NA,NA,NA,NA,NA,NA
"398",NA,NA,2.5,NA,NA,3.5,NA,NA,NA,NA,NA,NA
"399",NA,6,NA,NA,NA,5,NA,NA,NA,NA,NA,NA
"400",NA,NA,8,NA,NA,NA,NA,NA,6,4,NA,NA
"401",NA,NA,8,NA,NA,NA,NA,NA,6,6.5,NA,NA
"402",NA,NA,7.5,NA,NA,NA,NA,NA,6,6,7,NA
"403",NA,NA,8,NA,NA,NA,NA,NA,NA,NA,NA,NA
"404",NA,4,NA,NA,NA,NA,NA,NA,NA,NA,NA,NA
"405",NA,8.5,7.5,NA,NA,8.5,6,NA,NA,NA,NA,NA
"406",NA,NA,7,NA,NA,NA,NA,8,NA,NA,NA,NA
"407",NA,NA,7,NA,NA,NA,NA,NA,NA,NA,NA,NA
"408",NA,NA,6.5,NA,NA,NA,NA,6,6,6,6,NA
"409",NA,NA,10,NA,9.5,NA,NA,NA,NA,NA,NA,NA
"410",NA,4,NA,NA,NA,NA,NA,NA,NA,NA,NA,NA
"411",NA,NA,6.5,NA,NA,NA,NA,5,NA,NA,NA,NA
"412",NA,NA,6,NA,NA,8.5,NA,7.5,NA,NA,NA,NA
"413",NA,NA,4,NA,NA,NA,NA,NA,NA,NA,NA,NA
"414",NA,NA,2.5,NA,NA,NA,NA,NA,NA,NA,NA,NA
"415",NA,8.5,5,NA,NA,2.5,4,NA,NA,NA,NA,NA
"416",NA,NA,7.5,NA,NA,NA,NA,NA,NA,NA,NA,NA
"417",NA,NA,9,NA,NA,NA,NA,9,7.5,NA,7.5,NA
"418",NA,6,NA,NA,NA,NA,NA,NA,NA,NA,NA,NA
"419",NA,NA,7,NA,NA,NA,NA,NA,NA,NA,NA,NA
"420",NA,NA,10,NA,NA,NA,NA,NA,NA,NA,NA,NA
"421",NA,NA,8.5,NA,NA,NA,NA,NA,9.5,6,NA,NA
"422",NA,7.5,7,NA,NA,6,NA,NA,NA,NA,NA,NA
"423",NA,NA,6.5,NA,NA,NA,NA,6.5,NA,NA,NA,NA
"424",NA,9.5,7.5,NA,NA,9,NA,6,NA,NA,NA,NA
"425",NA,NA,8.5,NA,NA,NA,NA,NA,NA,NA,NA,NA
"426",NA,NA,7,NA,NA,NA,NA,NA,NA,NA,NA,NA
"427",7.5,NA,NA,NA,NA,NA,NA,NA,9,NA,NA,NA
"428",NA,6.5,NA,4,NA,NA,NA,NA,NA,NA,NA,NA
"429",NA,7,1.5,NA,7,8.5,NA,NA,NA,NA,NA,NA
"430",NA,NA,8,NA,NA,NA,NA,NA,7.5,9,NA,NA
"431",10,NA,8,NA,9,NA,8.5,9,8,8.5,9,NA
"432",NA,4,NA,NA,NA,NA,NA,NA,NA,NA,NA,NA
"433",NA,NA,NA,NA,NA,6,NA,NA,NA,NA,NA,NA
"434",NA,8,6,NA,NA,8.5,NA,NA,NA,NA,NA,NA
"435",NA,NA,7,NA,NA,NA,NA,NA,NA,NA,NA,NA
"436",NA,8,8.5,NA,8.5,8.5,NA,NA,NA,NA,NA,NA
"437",7,8.5,6,7.5,4,7,7.5,5,7.5,7,NA,NA
"438",NA,NA,9,NA,NA,NA,NA,NA,NA,NA,NA,NA
"439",NA,NA,6,NA,NA,NA,NA,NA,NA,NA,NA,NA
"440",NA,NA,NA,NA,4,NA,NA,NA,NA,NA,NA,NA
"441",NA,NA,6.5,NA,NA,NA,NA,NA,NA,NA,NA,NA
"442",NA,NA,6,NA,NA,NA,NA,NA,NA,NA,NA,NA
"443",NA,NA,NA,NA,NA,NA,NA,NA,6,NA,NA,NA
"444",NA,NA,6.5,NA,NA,NA,NA,NA,NA,NA,NA,NA
"445",NA,NA,NA,NA,9,NA,NA,NA,NA,NA,NA,NA
"446",5,7,7.5,7,NA,6,8.5,NA,NA,4.5,NA,NA
"447",NA,NA,7.5,NA,NA,NA,NA,7,6,7.5,5,5
"448",NA,NA,7.5,NA,NA,NA,NA,7,6,7.5,5,5
"449",NA,NA,7.5,NA,NA,NA,NA,7,6,7.5,5,5
"450",NA,NA,7.5,NA,NA,NA,NA,7,6,7.5,5,5
"451",3.5,NA,6,NA,5,NA,3.5,NA,3,2,NA,NA
"452",6,8,8,NA,6.5,5,5,7.5,7,NA,NA,NA
"453",NA,NA,NA,NA,NA,NA,NA,NA,NA,6,NA,NA
"454",NA,7,6,NA,NA,NA,NA,NA,NA,NA,NA,NA
"455",NA,NA,NA,NA,NA,NA,NA,NA,9,NA,NA,NA
"456",NA,NA,5,NA,NA,NA,NA,8.5,NA,NA,NA,NA
"457",9,10,9,7,8.5,9.5,9,9,9.5,8.5,NA,NA
"458",6,8.5,8,8,9,9,7,7.5,9.5,6.5,9,8.5
"459",7,8.5,4.5,6.5,8,8.5,6,5,7,7.5,9,9
"460",NA,6.5,NA,NA,NA,NA,NA,NA,NA,NA,NA,NA
"461",NA,6.5,6,NA,7.5,6.5,NA,NA,NA,NA,NA,NA
"462",NA,7.5,NA,NA,NA,2.5,NA,NA,NA,NA,NA,NA
"463",NA,8.5,6,NA,6,6,4.5,NA,NA,NA,NA,NA
"464",NA,6.5,8,NA,6,7,NA,NA,NA,NA,NA,NA
"465",6,8.5,6,6,NA,8,6,NA,NA,6,NA,NA
"466",7,8.5,7.5,NA,NA,7,7.5,NA,NA,6,NA,NA
"467",NA,6,NA,NA,NA,4.5,NA,NA,NA,NA,NA,NA
"468",9.5,7.5,7,7,6,6.5,7,7,9,3,8.5,8.5
"469",NA,7.5,6.5,NA,6.5,7.5,NA,NA,NA,NA,NA,NA
"470",7.5,NA,8,7.5,8,NA,6.5,5,8,3,6.5,NA
"471",4.5,6,NA,6,NA,6.5,6,NA,NA,NA,NA,NA
"472",7.5,8,7.5,NA,8,7,NA,NA,9,NA,NA,NA
"473",NA,8,7,6,4.5,3,4.5,NA,4.5,NA,5.5,3
"474",NA,7.5,6.5,NA,4,6.5,NA,NA,NA,NA,NA,NA
"475",NA,5,NA,NA,NA,4,NA,NA,NA,NA,NA,NA
"476",NA,6,3.5,NA,NA,2,NA,NA,NA,NA,NA,NA
"477",5,9,5,NA,NA,6,6,NA,NA,NA,NA,NA
"478",7.5,8.5,8.5,7.5,NA,10,8.5,8,7,7,9,9
"479",NA,9.5,9.5,NA,9.5,9.5,NA,NA,NA,NA,NA,NA
"480",NA,6,5,NA,NA,6,NA,NA,NA,NA,NA,NA
"481",8.5,9,8,NA,9.5,8.5,6,NA,NA,NA,NA,NA
"482",NA,NA,NA,NA,9,NA,NA,NA,NA,NA,NA,NA
"483",NA,9,6,NA,NA,7.5,NA,NA,NA,NA,NA,NA
"484",NA,8.5,9,NA,NA,8,NA,NA,NA,NA,NA,NA
"485",NA,8.5,8.5,NA,9.5,6.5,NA,NA,NA,NA,NA,NA
"486",NA,5,NA,NA,NA,1.5,NA,NA,NA,NA,NA,NA
"487",NA,7.5,7,NA,7,7,NA,NA,NA,NA,NA,NA
"488",NA,8.5,6,NA,6.5,6,NA,NA,NA,NA,NA,NA
"489",NA,6,NA,3.5,NA,3.5,NA,NA,NA,NA,NA,NA
"490",NA,9,8.5,NA,9.5,6.5,NA,NA,NA,NA,8.5,NA
"491",NA,9,7.5,NA,7,5,NA,NA,NA,NA,NA,NA
"492",NA,7,5,NA,4.5,2.5,NA,NA,NA,NA,NA,NA
"493",NA,9,NA,NA,NA,3,NA,NA,NA,NA,NA,NA
"494",NA,NA,NA,NA,NA,NA,NA,NA,NA,6.5,NA,NA
"495",NA,9,7.5,NA,8.5,9,NA,NA,NA,NA,NA,NA
"496",NA,6.5,6,NA,NA,6,NA,5,NA,NA,NA,NA
"497",6.5,9,6.5,7,9,6,7.5,8.5,7,4.5,7.5,NA
"498",NA,10,8.5,NA,NA,9,NA,8,NA,NA,NA,NA
"499",NA,9.5,9.5,NA,NA,7,NA,7.5,NA,NA,NA,NA
"500",NA,4,NA,NA,NA,NA,NA,NA,NA,NA,NA,NA
"501",NA,6,NA,NA,NA,NA,NA,NA,NA,NA,NA,NA
"502",7.5,10,10,8,9.5,9,8.5,7.5,9.5,8,9.5,9.5
"503",NA,9,7.5,4.5,NA,4,5,NA,NA,NA,NA,NA
"504",NA,7.5,5,3.5,NA,4.5,4.5,NA,NA,NA,NA,NA
"505",NA,7,7,NA,7,6,NA,NA,NA,NA,NA,NA
"506",NA,9,8,NA,NA,8,NA,7,NA,NA,NA,NA
"507",2,7.5,6.5,6,NA,5,6.5,NA,NA,3,NA,NA
"508",NA,6,6,NA,NA,6,4,NA,NA,NA,NA,NA
"509",NA,7,6,NA,6,5,NA,NA,NA,NA,NA,NA
"510",NA,8,6.5,NA,6,5,NA,NA,NA,NA,4,NA
"511",NA,9.5,9,NA,8.5,8.5,NA,NA,NA,NA,NA,NA
"512",NA,7.5,6,NA,NA,7.5,NA,NA,NA,NA,NA,NA
"513",6,NA,NA,7.5,NA,NA,7.5,NA,3.5,6.5,6,6
"514",NA,2,3,NA,NA,2.5,NA,NA,NA,NA,NA,NA
"515",NA,5,NA,NA,NA,4.5,NA,NA,NA,NA,NA,NA
"516",NA,6.5,6,NA,NA,7,NA,4.5,NA,NA,NA,NA
"517",NA,7.5,5,NA,NA,3.5,NA,NA,NA,NA,NA,NA
"518",NA,7.5,3.5,3.5,NA,4.5,5,NA,NA,NA,NA,NA
"519",NA,8.5,7.5,NA,7.5,9.5,NA,NA,NA,NA,NA,NA
"520",7,8.5,8.5,8,8.5,9,8,7,7.5,9,9,9
"521",NA,6.5,4,NA,NA,3.5,NA,NA,NA,NA,NA,NA
"522",NA,6,5,NA,NA,8,NA,7.5,NA,NA,NA,NA
"523",3,7,NA,NA,NA,6,8,NA,NA,NA,NA,NA
"524",8.5,9.5,10,9,9.5,9,9.5,8.5,9.5,6.5,10,10
"525",NA,7.5,7,NA,8,6,NA,NA,NA,NA,NA,NA
"526",NA,8.5,7,NA,NA,6.5,NA,7,NA,NA,NA,NA
"527",6,8,6,7.5,NA,7.5,7,NA,NA,6,NA,NA
"528",NA,NA,NA,NA,NA,NA,NA,NA,NA,6.5,NA,NA
"529",10,10,10,9,NA,9,9,NA,9,7.5,7.5,NA
"530",7.5,NA,7,NA,8,NA,6.5,NA,8,6,7.5,7.5
"531",NA,9.5,9.5,NA,10,8.5,NA,NA,NA,NA,NA,NA
"532",NA,8.5,9,NA,9.5,8.5,NA,NA,NA,NA,NA,NA
"533",NA,7,NA,NA,NA,2.5,NA,NA,NA,NA,NA,NA
"534",NA,8.5,6.5,NA,7.5,7,NA,NA,NA,NA,NA,NA
"535",6.5,8,6,6.5,7.5,6,6,NA,6.5,3.5,NA,NA
"536",NA,4,NA,NA,NA,NA,NA,NA,NA,NA,NA,NA
"537",NA,NA,NA,NA,2.5,NA,NA,NA,NA,NA,NA,NA
"538",NA,8.5,7,NA,NA,6,NA,NA,NA,NA,NA,NA
"539",NA,6.5,NA,NA,NA,NA,NA,NA,NA,NA,NA,NA
"540",NA,NA,NA,NA,8,6,NA,NA,NA,NA,NA,NA
"541",NA,NA,NA,NA,NA,8.5,8,NA,NA,NA,NA,NA
"542",NA,6,6,NA,6,6,NA,NA,NA,NA,NA,NA
"543",8,8,9.5,8,9,8.5,8.5,8,9,7.5,8,7.5
"544",8.5,8.5,8.5,NA,NA,9,NA,NA,6.5,7,7.5,7.5
"545",NA,NA,NA,NA,NA,NA,NA,NA,NA,NA,6,NA
"546",6,9.2,8.5,7.5,NA,7.5,6.5,NA,NA,4.5,NA,NA
"547",4.5,7,6,6.5,NA,5,6,NA,NA,NA,NA,NA
"548",NA,8.5,8,NA,6.5,6.5,NA,NA,NA,NA,NA,NA
"549",NA,6,2,NA,NA,2,NA,NA,NA,NA,NA,NA
"550",NA,6,3,NA,NA,2.5,NA,NA,NA,NA,NA,NA
"551",7,9,NA,7,8.5,7,8,8,9.5,8,8,NA
"552",2.5,4.5,4,NA,NA,3,3,NA,NA,4,NA,NA
"553",8.5,10,6,8,NA,8.5,8,8.5,7,5,NA,NA
"554",5,9,5,NA,NA,6,4,NA,NA,3,NA,NA
"555",NA,9,8.5,NA,9,6,NA,NA,NA,NA,NA,NA
"556",8,9.5,9,8.5,8.5,8.5,8,7,9,7.5,9.5,9.5
"557",NA,8.5,7,NA,NA,4,NA,6.5,NA,NA,NA,NA
"558",NA,7.5,7,NA,6.5,5,NA,NA,NA,NA,NA,NA
"559",6.5,8.5,6,6.5,7,8,9,7.5,6.5,8.5,6.5,6.5
"560",NA,10,9,NA,10,10,NA,NA,NA,NA,NA,NA
"561",NA,3.5,NA,NA,NA,NA,NA,NA,NA,NA,NA,NA
"562",NA,6,NA,NA,NA,3,NA,NA,NA,NA,NA,NA
"563",NA,5,NA,NA,NA,NA,NA,NA,NA,NA,NA,NA
"564",NA,8,3,NA,NA,4,NA,NA,NA,NA,NA,NA
"565",NA,7,NA,NA,NA,3.5,NA,NA,NA,NA,NA,NA
"566",NA,6,1,NA,NA,NA,NA,NA,NA,NA,NA,NA
"567",NA,7.5,5,NA,6.5,6,NA,NA,NA,NA,NA,NA
"568",9,10,10,7,9.5,9.5,10,8.5,9.5,7,8.5,NA
"569",7.5,NA,NA,NA,NA,NA,NA,NA,NA,NA,NA,NA
"570",6,9.5,7,7.5,9,7.5,6,7,8,6.5,8.5,8.5
"571",NA,9.5,9.5,NA,8.5,9,NA,NA,NA,NA,NA,NA
"572",7,8,4,8,8.5,4,5,8,8.5,9,6.5,NA
"573",NA,8.5,7,NA,6,6,NA,NA,NA,NA,NA,NA
"574",NA,7.5,7.5,NA,NA,7,NA,7,NA,NA,NA,NA
"575",NA,8,8.5,NA,6.5,6,NA,NA,NA,NA,NA,NA
"576",8.5,9.5,9.5,7.5,9.5,9,9.5,8,9,9.5,9.5,9.5
"577",NA,7.5,NA,NA,NA,NA,NA,NA,NA,NA,NA,NA
"578",NA,6.5,NA,NA,NA,3.5,NA,NA,NA,NA,NA,NA
"579",NA,7,8,NA,8.5,9,NA,NA,NA,NA,NA,NA
"580",NA,9.5,5,NA,NA,6,NA,NA,NA,NA,NA,NA
"581",6,7.5,6.5,8,7,7.5,4,8,8,9,7.5,NA
"582",NA,4,NA,NA,NA,NA,NA,NA,NA,NA,NA,NA
"583",3.5,6.5,5,NA,NA,6,6,NA,NA,NA,NA,NA
"584",6.5,8,8.5,7,10,7.5,8,6.5,7.5,4,8,NA
"585",NA,7.5,4,NA,8,4.5,NA,NA,NA,NA,NA,NA
"586",NA,8.5,7.5,NA,9,7,NA,NA,NA,NA,NA,NA
"587",8.5,10,8.5,8,10,6,7.5,9.5,9.5,3.5,9.5,9.5
"588",7,NA,NA,NA,NA,NA,NA,NA,NA,NA,NA,NA
"589",6,9.5,8,8.5,8.5,7,7,7,8,3,9,9
"590",NA,6.5,6,NA,6,7,NA,NA,NA,NA,NA,NA
"591",7,9.5,6.5,6.5,8,8,8.5,7,8,8.5,6.5,NA
"592",NA,9,8.5,NA,NA,8,NA,NA,NA,NA,NA,NA
"593",NA,8.5,7.5,NA,7.5,4.5,NA,5,NA,NA,NA,NA
"594",NA,9.5,NA,NA,NA,NA,NA,NA,NA,NA,NA,NA
"595",7.5,9,7.5,9,9.5,7.5,8.5,8.5,9,6,8.5,8
"596",10,10,10,9,10,10,9,9.5,10,9,9.5,NA
"597",NA,2,NA,NA,NA,1,NA,NA,NA,NA,NA,NA
"598",NA,NA,NA,NA,NA,NA,6,NA,NA,4,NA,NA
"599",9,9,9.5,9,9,9.5,9,8,9.5,10,9.5,NA
"600",NA,7,4,NA,NA,8,NA,5,NA,NA,NA,NA
"601",NA,9.5,8.5,NA,8,6,NA,NA,NA,NA,NA,NA
"602",NA,8,6,NA,NA,6.5,NA,7,NA,NA,NA,NA
"603",6,9.5,7.5,7.5,8,7,7,8.5,7,1.5,7,NA
"604",NA,9,8.5,NA,8.5,7,NA,NA,NA,NA,NA,NA
"605",NA,2.5,NA,NA,NA,1,NA,NA,NA,NA,NA,NA
"606",NA,6,NA,NA,NA,NA,NA,NA,NA,NA,NA,NA
"607",NA,10,9.5,NA,8.5,9.5,NA,NA,NA,NA,NA,NA
"608",NA,4.5,NA,NA,NA,6.5,NA,NA,NA,NA,NA,NA
"609",NA,7,3.5,4,NA,6.5,5,NA,NA,NA,NA,NA
"610",NA,9,5,NA,4.5,3.5,NA,NA,NA,NA,NA,NA
"611",NA,8.5,5,NA,6.5,6.5,NA,NA,NA,NA,NA,NA
"612",NA,9.5,8.5,NA,8,8.5,NA,NA,7,NA,NA,NA
"613",NA,10,9.5,NA,NA,7,NA,7,NA,NA,NA,NA
"614",NA,6,2,NA,NA,4.5,NA,NA,NA,NA,NA,NA
"615",NA,6.5,6,NA,NA,3.5,NA,NA,NA,NA,NA,NA
"616",NA,5,NA,NA,NA,NA,NA,NA,NA,NA,NA,NA
"617",NA,7.5,NA,NA,NA,1.5,NA,NA,NA,NA,NA,NA
"618",NA,7.5,NA,NA,7.5,7,NA,NA,NA,NA,NA,NA
"619",NA,7,7.5,NA,8,4.5,NA,NA,NA,NA,NA,NA
"620",NA,9,8,NA,7,6.5,4,6.5,NA,NA,NA,NA
"621",6.5,9.5,7.5,8,6.5,9.5,7.5,7.5,9.5,4.5,9.5,NA
"622",NA,NA,NA,NA,NA,NA,NA,NA,NA,4,NA,NA
"623",NA,7.5,6,NA,1.5,6,NA,NA,NA,NA,NA,NA
"624",NA,8.5,3,NA,NA,4.5,NA,NA,NA,NA,NA,NA
"625",NA,6,1.5,NA,NA,3,NA,NA,NA,NA,NA,NA
"626",NA,NA,NA,NA,NA,4.5,NA,NA,NA,NA,NA,NA
"627",8.5,9.5,4.5,8,8.5,9.5,8,8,7.5,4,8,NA
"628",NA,9,9,NA,9.5,9,NA,NA,NA,NA,NA,NA
"629",5,8,7.5,6.5,7,6.5,7.5,7,7,8.5,8,8
"630",NA,7.5,NA,NA,NA,NA,NA,NA,NA,NA,NA,NA
"631",NA,NA,NA,NA,NA,NA,NA,NA,8,NA,NA,NA
"632",3,8,6,6.5,NA,7.5,6,NA,NA,NA,NA,NA
"633",8,9.5,8.5,8,9,8,8,8,9.5,7,8,8
"634",NA,7,2.5,NA,NA,6,NA,NA,NA,NA,NA,NA
"635",8,10,9,7,9,9.5,8.5,8,8.5,NA,10,NA
"636",NA,5,NA,NA,NA,2.5,NA,NA,NA,NA,NA,NA
"637",NA,6.5,7.5,NA,6,7.5,NA,NA,NA,NA,NA,NA
"638",NA,NA,NA,NA,NA,NA,NA,9,NA,NA,NA,NA
"639",NA,8.5,NA,NA,NA,4.5,NA,NA,NA,NA,NA,NA
"640",NA,NA,7.5,NA,4.5,NA,NA,NA,NA,NA,NA,NA
"641",6.5,9,6,7,6,8,7,7,6.5,7,6.5,6.5
"642",NA,3.5,NA,NA,NA,NA,NA,NA,NA,NA,NA,NA
"643",NA,NA,NA,NA,8.5,NA,NA,NA,NA,NA,NA,NA
"644",NA,6.5,NA,NA,NA,4,NA,NA,NA,NA,NA,NA
"645",2,6,4,6,NA,4.5,6,NA,2.5,NA,NA,NA
"646",NA,9.5,8,NA,NA,7,NA,6.5,NA,NA,NA,NA
"647",NA,8.5,8.5,NA,10,9,NA,NA,NA,NA,NA,NA
"648",NA,4.5,NA,NA,NA,NA,NA,NA,NA,NA,NA,NA
"649",6.5,9.5,9,8,8.5,9.5,8,NA,NA,NA,NA,NA
"650",NA,7,6,NA,NA,9.5,NA,6.5,NA,NA,NA,NA
"651",NA,7.5,5,NA,NA,4,NA,NA,NA,NA,NA,NA
"652",NA,6.5,NA,NA,NA,NA,NA,NA,NA,NA,NA,NA
"653",NA,8,6.5,NA,6,6,NA,NA,NA,NA,NA,NA
"654",NA,9.5,9,NA,NA,8.5,NA,8,NA,NA,NA,NA
"655",7,8,6.5,7,8,7,6.5,7,6.5,7,8,NA
"656",NA,7.5,4.5,NA,6,7,NA,NA,NA,NA,NA,NA
"657",6,10,7,7,8.5,7,5,7,7.5,4,8.5,8.5
"658",NA,6.5,4,NA,NA,6.5,NA,NA,NA,NA,NA,NA
"659",NA,7,4,NA,NA,6,NA,NA,NA,NA,NA,NA
"660",NA,10,9.5,NA,9,8.5,NA,NA,NA,NA,NA,NA
"661",NA,8,NA,NA,NA,6,NA,NA,NA,NA,NA,NA
"662",NA,7,5,NA,NA,5,5,NA,NA,NA,NA,NA
"663",4,10,9,NA,NA,8,9,NA,NA,NA,NA,NA
"664",8,9.5,7.5,8,9.5,10,9,7,9,6.5,9.5,NA
"665",NA,6,NA,NA,NA,4.5,NA,NA,NA,NA,NA,NA
"666",NA,7.5,6,NA,6,6,NA,NA,NA,NA,NA,NA
"667",1.5,6,2,4.5,NA,5,2.5,NA,NA,3,NA,NA
"668",NA,8,8,NA,NA,6,NA,NA,NA,NA,NA,NA
"669",NA,7,6.5,NA,NA,6,NA,7,NA,NA,NA,NA
"670",NA,8.5,7.5,NA,7.5,7.5,NA,NA,NA,NA,NA,NA
"671",NA,8.5,8,NA,NA,6.5,NA,7.5,NA,NA,NA,NA
"672",NA,8.5,NA,NA,NA,7,NA,NA,NA,NA,NA,NA
"673",NA,6,NA,NA,NA,1.5,NA,NA,NA,NA,NA,NA
"674",NA,8,4.5,NA,NA,6,NA,NA,NA,NA,NA,NA
"675",NA,8.5,5,NA,NA,7,NA,7,NA,NA,NA,NA
"676",NA,NA,NA,NA,NA,NA,NA,NA,NA,6.5,NA,NA
"677",NA,6,4,NA,7,6,NA,NA,NA,NA,NA,NA
"678",NA,9,8.5,NA,NA,8,NA,8,NA,NA,NA,NA
"679",NA,6.5,6,NA,8.5,6,NA,NA,NA,NA,NA,NA
"680",NA,9.5,9,NA,NA,9.5,NA,8,NA,NA,NA,NA
"681",NA,6,NA,NA,NA,6,NA,NA,NA,NA,NA,NA
"682",6,9,6,7.5,7.5,4,6.5,7.5,6.5,6,6,NA
"683",NA,9.5,9,NA,9.5,9,NA,8.5,NA,NA,NA,NA
"684",6,8.5,6.5,6.5,7.5,6,7.5,7,6.5,7.5,5,NA
"685",NA,9.5,9,NA,9,8.5,NA,NA,NA,NA,NA,NA
"686",NA,5,NA,NA,NA,NA,NA,NA,NA,NA,NA,NA
"687",6,8,6,6.5,7.5,4,5,8,6,9,NA,NA
"688",6,7,2,6.5,6,6,5,7,6,7,6,NA
"689",NA,6,NA,NA,NA,7,NA,NA,NA,NA,NA,NA
"690",NA,8,7.5,NA,NA,5,NA,NA,NA,NA,NA,NA
"691",8,9.5,6.5,6,10,9.5,7.5,8,9.5,4.5,9,8.5
"692",8,9.5,9.5,8,9.5,9,8,8,8.5,6.5,9,8.5
"693",6,8,5.5,6,6.5,6.5,6.5,7.5,6,5,5,NA
"694",NA,8.5,8,NA,9,7.5,NA,NA,8.5,NA,NA,NA
"695",NA,6,4.5,NA,2.5,6,NA,NA,NA,NA,NA,NA
"696",NA,8,NA,NA,NA,NA,NA,NA,NA,NA,NA,NA
"697",NA,8,6,NA,6.5,7.5,NA,NA,NA,NA,NA,NA
"698",NA,9,9.5,NA,9,8,NA,NA,NA,NA,NA,NA
"699",NA,10,9,NA,8,7.5,NA,NA,NA,NA,NA,NA
"700",NA,3.5,NA,NA,NA,NA,NA,NA,NA,NA,NA,NA
"701",NA,9,6.5,NA,6,6,NA,NA,NA,NA,NA,NA
"702",6,5,2,5,NA,4.5,3.5,NA,NA,NA,NA,NA
"703",NA,7,NA,NA,NA,NA,NA,NA,NA,NA,NA,NA
"704",NA,5,NA,NA,NA,3.5,NA,NA,NA,NA,NA,NA
"705",NA,NA,NA,NA,NA,NA,NA,NA,NA,6,NA,NA
"706",NA,NA,NA,NA,NA,NA,NA,NA,NA,7.5,NA,NA
"707",NA,NA,NA,NA,NA,NA,NA,NA,NA,10,NA,NA
"708",NA,NA,NA,NA,NA,NA,NA,NA,NA,7.5,NA,NA
"709",NA,9,8,NA,NA,7,NA,5,NA,NA,NA,NA
"710",NA,6.5,5,NA,NA,8,NA,6.5,NA,NA,NA,NA
"711",NA,NA,NA,NA,NA,NA,8,NA,7.5,6,NA,NA
"712",NA,7.5,NA,NA,NA,NA,NA,NA,NA,NA,NA,NA
"713",NA,5,NA,NA,NA,NA,NA,NA,NA,NA,NA,NA
"714",NA,8,6.5,NA,6.5,7,NA,NA,NA,NA,NA,NA
"715",6.5,8.5,6,7.5,8.5,6,7.5,7,7,8.5,6.5,NA
"716",6,8.5,8,7,8.5,8.5,7,8,9,7.5,8.5,8.5
"717",NA,8,NA,NA,NA,NA,NA,NA,NA,NA,NA,NA
"718",NA,7,2.5,NA,NA,3.5,NA,NA,NA,NA,NA,NA
"719",NA,6.5,6,NA,NA,6,NA,NA,NA,NA,NA,NA
"720",NA,6.5,NA,NA,NA,NA,NA,NA,NA,NA,NA,NA
"721",NA,9.5,7.5,NA,7.5,7.5,NA,NA,NA,NA,NA,NA
"722",NA,NA,NA,NA,NA,NA,NA,NA,NA,3.5,NA,NA
"723",5,NA,NA,NA,NA,NA,NA,NA,NA,2,NA,NA
"724",NA,7,7,NA,7,7,NA,NA,NA,NA,NA,NA
"725",NA,6,7.5,NA,NA,7,NA,NA,NA,NA,NA,NA
"726",NA,7.5,NA,NA,NA,NA,NA,NA,NA,NA,NA,NA
"727",6.5,8.5,7.5,8,7.5,8.5,9.5,7.5,8,8.5,6.5,NA
"728",6,8,6,6,7,6,6,6.5,7,8,7,7
"729",NA,9,8,NA,NA,6,NA,NA,NA,NA,NA,NA
"730",8,9.5,NA,7,7.5,6,8.5,5,8,7,8.5,8.5
"731",8,10,9.5,9.5,8.5,9.5,9,10,9.5,10,NA,NA
"732",3.5,8,6,4.5,NA,6,4,NA,NA,5,NA,NA
"733",NA,10,9,NA,NA,8.5,NA,NA,NA,NA,NA,NA
"734",NA,2.5,NA,NA,NA,NA,NA,NA,NA,NA,NA,NA
"735",NA,7,NA,NA,NA,NA,NA,NA,NA,NA,NA,NA
"736",NA,NA,NA,NA,7,7.5,NA,NA,NA,NA,NA,NA
"737",NA,7.5,8,8,NA,8,8.5,NA,NA,NA,NA,NA
"738",7,8.5,6,6,8,8,6,7,8,8,8,8
"739",NA,5,2.5,NA,NA,2,NA,NA,NA,NA,NA,NA
"740",6.5,9,8.5,6.5,8,9.5,8,9,9.5,8,8.5,8.5
"741",NA,10,8.5,NA,7.5,9,NA,NA,NA,NA,NA,NA
"742",NA,4,NA,NA,NA,NA,NA,NA,NA,NA,NA,NA
"743",NA,6,NA,NA,NA,NA,NA,NA,NA,NA,NA,NA
"744",3.5,NA,NA,NA,NA,NA,NA,NA,NA,NA,NA,NA
"745",NA,9,8.5,NA,9,7,NA,NA,NA,NA,NA,NA
"746",6,9,7,7,8,6.5,6.5,7.5,9,6,8.5,8.5
"747",NA,6,NA,NA,NA,3.5,NA,NA,NA,NA,NA,NA
"748",NA,7.5,NA,NA,NA,NA,NA,NA,NA,NA,NA,NA
"749",6.5,8.5,8,8,8,7.5,7,8,9.5,9,8,NA
"750",NA,9,8,NA,9.5,8,NA,NA,NA,NA,NA,NA
"751",6,8,6,7,6.5,4,6,8,7.5,6.5,6.5,6
"752",NA,2.5,NA,NA,NA,NA,NA,NA,NA,NA,NA,NA
"753",NA,7,6,NA,6,6,NA,NA,NA,NA,NA,NA
"754",NA,9.5,7.5,NA,6.5,7.5,NA,NA,NA,NA,NA,NA
"755",5,8.5,7.5,6.5,7.5,7.5,7.5,NA,8,5,8,8
"756",NA,8,6,NA,NA,6,NA,NA,NA,NA,NA,NA
"757",NA,9.5,8.5,NA,8,7,NA,NA,NA,NA,NA,NA
"758",NA,9,7,NA,8,7.5,NA,NA,NA,NA,NA,NA
"759",NA,8,6,NA,NA,8,NA,NA,NA,NA,NA,NA
"760",NA,7.5,NA,NA,NA,NA,NA,NA,NA,NA,NA,NA
"761",NA,7,6,NA,6.5,6,NA,NA,NA,NA,NA,NA
"762",7,8,6.5,6,NA,7.5,7,5,6.5,6.5,7,7
"763",NA,6,6.5,NA,NA,8.5,NA,NA,NA,NA,NA,NA
"764",NA,8.5,6.5,NA,4,4,NA,NA,NA,NA,NA,NA
"765",NA,6,7,NA,NA,6,NA,NA,NA,NA,NA,NA
"766",8.5,9,7.5,8,9,7.5,7.5,9,9.5,9,9.5,9.5
"767",NA,8,6,NA,6.5,6,NA,NA,NA,NA,NA,NA
"768",NA,9.5,8,NA,8,8,NA,NA,NA,NA,NA,NA
"769",7,9.5,6.5,6,9,5,8,7.5,8,7.5,8.5,8.5
"770",NA,8.5,8,NA,7,8,NA,NA,NA,NA,NA,NA
"771",NA,9.5,7,NA,NA,6.5,NA,NA,NA,NA,NA,NA
"772",6,7.5,6.5,7,6,5,6.5,7,7,6,7,6
"773",NA,7,8,NA,7,6,NA,NA,NA,NA,NA,NA
"774",6,6.5,7,5,NA,NA,4.5,NA,NA,5,2.5,1
"775",NA,7,3.5,NA,NA,4,NA,NA,NA,NA,NA,NA
"776",NA,NA,7.5,NA,NA,NA,7,NA,NA,NA,NA,NA
"777",NA,9,9,NA,NA,8.5,NA,NA,NA,NA,NA,NA
"778",NA,4.5,4,NA,NA,4.5,NA,NA,NA,NA,NA,NA
"779",NA,9,9.5,NA,8,9,NA,8,NA,NA,NA,NA
"780",6.5,8.5,8.5,7,6,7,6.5,5,7.5,6,6,6
"781",NA,8,8.5,NA,NA,8.5,NA,NA,NA,NA,NA,NA
"782",NA,7,NA,NA,NA,NA,NA,NA,NA,NA,NA,NA
"783",NA,3.5,NA,NA,NA,NA,NA,NA,NA,NA,NA,NA
"784",NA,8,NA,NA,NA,3,NA,NA,NA,NA,NA,NA
"785",NA,8,NA,NA,NA,NA,NA,NA,NA,NA,NA,NA
"786",NA,7.5,7.5,NA,6,6.5,NA,NA,NA,NA,NA,NA
"787",NA,8.5,7,6,NA,6.5,7,NA,NA,NA,NA,NA
"788",NA,8,8,NA,NA,9,NA,NA,NA,NA,NA,NA
"789",NA,8.5,8,NA,NA,8.5,NA,NA,NA,NA,NA,NA
"790",NA,7.5,6,NA,NA,8,NA,NA,NA,NA,NA,NA
"791",NA,6.5,NA,NA,NA,NA,NA,NA,NA,NA,NA,NA
"792",NA,2.5,NA,NA,NA,NA,NA,NA,NA,NA,NA,NA
"793",7.5,8.5,6.5,7,8,6,7.5,7.5,8.5,7,8,8
"794",NA,9.5,NA,NA,NA,NA,NA,NA,NA,NA,NA,NA
"795",NA,7,NA,NA,NA,NA,NA,NA,NA,NA,NA,NA
"796",NA,10,9.5,NA,NA,9.5,NA,NA,NA,NA,NA,NA
"797",7,8,6.5,6.5,6.5,6.5,7,7.5,9,7,8.5,8.5
"798",NA,8,NA,NA,NA,NA,NA,NA,NA,NA,NA,NA
"799",NA,9.5,7,NA,8.5,6.5,NA,NA,NA,NA,NA,NA
"800",NA,NA,9,NA,NA,NA,NA,NA,NA,NA,NA,NA
"801",NA,9.5,8.5,NA,NA,7.5,NA,NA,NA,NA,NA,NA
"802",NA,9.5,8.5,NA,8,8,NA,NA,NA,NA,NA,NA
"803",10,NA,9,9.5,10,NA,NA,10,8.5,10,NA,NA
"804",NA,5,NA,NA,NA,NA,NA,NA,NA,NA,NA,NA
"805",NA,6,6,NA,2.5,7,NA,NA,NA,NA,NA,NA
"806",NA,8.5,6.5,NA,NA,6,NA,NA,NA,NA,NA,NA
"807",6,9,9,7,9,8.5,9,9,8.5,7.5,7.5,NA
"808",NA,9,6,NA,9,6.5,NA,NA,NA,NA,NA,NA
"809",NA,7.5,6.5,NA,3,7,NA,NA,NA,NA,NA,NA
"810",NA,8,6,NA,NA,6,NA,NA,NA,NA,NA,NA
"811",NA,6,NA,NA,NA,2,NA,NA,NA,NA,NA,NA
"812",NA,9,8.5,NA,8.5,8,NA,NA,NA,NA,NA,NA
"813",7,10,8.5,9,7.5,8,9,7.5,9,9,9.5,NA
"814",3,7.5,NA,4,NA,4,4,NA,NA,NA,NA,NA
"815",NA,4.5,NA,NA,NA,NA,NA,NA,NA,NA,NA,NA
"816",7,8.5,7,6,6.5,6.5,8.5,8.5,9,9,7,NA
"817",NA,8.5,7.5,NA,8,7.5,NA,NA,NA,NA,NA,NA
"818",NA,9,7,NA,7,7,NA,NA,NA,NA,NA,NA
"819",6,7,6.5,6,4,5,8,NA,4.5,5,1.5,1.5
"820",6,8,8,6.5,6.5,6.5,7,NA,8.5,7,8.5,8.5
"821",NA,6,6,NA,NA,6,NA,NA,NA,NA,NA,NA
"822",NA,6.5,6.5,NA,8,7,NA,NA,NA,NA,NA,NA
"823",NA,6.5,4.5,NA,NA,2.5,NA,NA,NA,NA,NA,NA
"824",9.5,10,9.5,9,9,8.5,9.5,10,9.5,9.5,NA,NA
"825",6.5,9,7.5,6,9,8,8,9,9,8,9.5,9.5
"826",NA,9,8.5,NA,NA,6.5,NA,7,NA,NA,NA,NA
"827",6.5,8.5,7,6,7,6.5,8,7.5,9,8,7,NA
"828",NA,7,6.5,6.5,NA,9.5,6,NA,NA,8,NA,NA
"829",NA,NA,NA,NA,NA,NA,NA,NA,NA,8,NA,NA
"830",NA,6.5,NA,NA,NA,1.5,NA,NA,NA,NA,NA,NA
"831",NA,NA,NA,NA,6,NA,NA,NA,NA,NA,NA,NA
"832",NA,NA,6.5,NA,6,3,NA,NA,NA,NA,NA,NA
"833",10,10,10,9.5,9.5,10,10,10,10,10,10,9.5
"834",6,8.5,6,5,8,7.5,6,NA,8,6.5,7.5,7
"835",NA,3.5,NA,NA,NA,NA,NA,NA,NA,NA,NA,NA
"836",NA,6.5,NA,NA,NA,NA,NA,NA,NA,NA,NA,NA
"837",NA,6.5,6,NA,NA,6.5,NA,NA,NA,NA,NA,NA
"838",NA,6,6.5,NA,NA,8,NA,7,NA,NA,NA,NA
"839",NA,6,4.5,NA,NA,3.5,NA,NA,NA,NA,NA,NA
"840",NA,6,NA,NA,NA,NA,5,NA,NA,NA,NA,NA
"841",9,9,8.5,8.5,9.5,8,9,9,10,8,9.5,9.5
"842",NA,8.5,6,NA,NA,6,NA,5,NA,NA,NA,NA
"843",NA,10,7.5,NA,8,8,NA,NA,NA,NA,NA,NA
"844",NA,8,7,NA,NA,6,NA,NA,NA,NA,NA,NA
"845",NA,8.5,7,NA,NA,7,NA,5,NA,NA,NA,NA
"846",NA,8.5,8.5,NA,NA,6,NA,NA,NA,NA,NA,NA
"847",NA,7.5,6.5,NA,NA,7.5,NA,NA,NA,NA,NA,NA
"848",NA,9,8.5,NA,9,8,NA,NA,NA,NA,NA,NA
"849",7,9,7.5,7.5,8,7,10,7.5,9.5,9,6,NA
"850",10,9.5,9.5,9,10,9,9.5,10,9,10,10,10
"851",NA,4.5,NA,NA,NA,NA,NA,NA,NA,NA,NA,NA
"852",NA,8,6.5,NA,NA,6,NA,5,NA,NA,NA,NA
"853",6.5,7.5,NA,NA,NA,NA,9,NA,NA,NA,NA,NA
"854",NA,6,3.5,NA,NA,6.5,NA,NA,NA,NA,NA,NA
"855",NA,9.5,7.5,NA,8,7,NA,NA,NA,NA,NA,NA
"856",NA,6.5,6,NA,6.5,5,NA,NA,NA,NA,NA,NA
"857",NA,7,NA,NA,NA,NA,NA,NA,NA,NA,NA,NA
"858",NA,7,NA,NA,NA,NA,NA,NA,NA,NA,NA,NA
"859",NA,6.5,6,NA,NA,6,NA,NA,NA,NA,NA,NA
"860",NA,6,6,NA,2.5,6,NA,NA,NA,NA,NA,NA
"861",NA,6.5,NA,NA,NA,NA,NA,NA,NA,NA,NA,NA
"862",8.5,9,10,8.5,9,8.5,8.5,9,8.5,7,9,9
"863",NA,NA,NA,NA,NA,NA,NA,7.5,NA,NA,NA,NA
"864",7,9.5,9,8,8,8,7,9,9.5,9,9.5,NA
"865",NA,6.5,6,NA,NA,6.5,NA,NA,NA,NA,NA,NA
"866",NA,8.5,7.5,NA,NA,6.5,NA,5,NA,NA,NA,NA
"867",6,8.5,6,6,NA,5,7,NA,7.5,6,6.5,NA
"868",8,8.5,9,7,8.5,5,6,8,7,8.5,3.5,NA
"869",2,7,4.5,6.5,3.5,6,7,5,6,7,6.5,6.5
"870",NA,NA,3,NA,NA,NA,NA,NA,NA,NA,NA,NA
"871",NA,8,6.5,NA,6.5,6,NA,NA,NA,NA,NA,NA
"872",6,8,6,6,7.5,6.5,5,7.5,8.5,7,8.5,8.5
"873",NA,9.5,8,NA,9,7.5,NA,NA,NA,NA,NA,NA
"874",8,8,9.5,8,6,6,6,8,6.5,9,7,7
"875",NA,7.5,6,NA,6.5,6,NA,NA,NA,NA,NA,NA
"876",6,7.5,7,NA,NA,7.5,6,NA,8,9.5,NA,NA
"877",6,8.5,8,NA,NA,6.5,6,NA,NA,8,NA,NA
"878",NA,6,6,NA,NA,7.5,NA,NA,NA,NA,NA,NA
"879",NA,6.5,1.5,NA,NA,2.5,NA,NA,NA,NA,NA,NA
"880",NA,8,5,NA,6,6.5,NA,NA,NA,NA,NA,NA
"881",NA,9.5,8,NA,9.5,8.5,NA,NA,NA,NA,NA,NA
"882",NA,6,1.5,NA,NA,4,NA,NA,NA,NA,NA,NA
"883",8.5,9.5,8,9,9.5,8,8.5,9.5,9.5,9.5,9,NA
"884",NA,NA,NA,NA,NA,NA,NA,7,NA,NA,NA,NA
"885",NA,9,6,NA,6,6,NA,NA,NA,NA,NA,NA
"886",NA,6,4,NA,NA,3,NA,NA,NA,NA,NA,NA
"887",6,7.5,6,6,6,6,6.5,7,6,6,1.5,NA
"888",NA,8,6,NA,NA,7.5,NA,NA,NA,NA,NA,NA
"889",NA,9,7.5,NA,7.5,6.5,NA,8,NA,NA,NA,NA
"890",7,9.5,9,7.5,9,8.5,8,8.5,8.5,9,9.5,9.5
"891",NA,7.5,7,NA,NA,8.5,NA,NA,NA,NA,NA,NA
"892",7.5,9,7.5,7,7.5,6,8,9,8,8.5,NA,NA
"893",6,7.5,6,6.5,6.5,9,6.5,NA,6.5,6,6.5,NA
"894",NA,4,1,NA,NA,1,NA,NA,NA,NA,NA,NA
"895",NA,2.5,NA,NA,NA,NA,NA,NA,NA,NA,NA,NA
"896",9,9.5,8.5,8,9.5,9,10,9.5,8.5,10,9.5,9.5
"897",6,8.5,7.5,6,7,4.5,7.5,7.5,6,6,4.5,NA
"898",6,7,6,6.5,6.5,6,6.5,7.5,6.5,8,6,6
"899",6.5,9.5,7.5,NA,6.5,7.5,5,NA,7,NA,NA,NA
"900",NA,NA,NA,NA,NA,NA,NA,NA,NA,NA,8,NA
"901",NA,9.5,9,NA,NA,6.5,NA,7,NA,NA,NA,NA
"902",NA,6.5,NA,NA,NA,NA,NA,NA,NA,NA,NA,NA
"903",NA,7.5,NA,NA,NA,NA,NA,NA,NA,NA,NA,NA
"904",NA,5,NA,NA,NA,4,NA,NA,NA,NA,NA,NA
"905",NA,8.5,6,NA,NA,6,NA,NA,NA,NA,NA,NA
"906",NA,6,NA,NA,NA,2,NA,NA,NA,NA,NA,NA
"907",6,9.5,9.5,9.5,NA,9.5,9.5,NA,NA,7.5,NA,NA
"908",NA,5,6,NA,NA,6,NA,NA,NA,NA,NA,NA
"909",NA,7,6,NA,6,4.5,NA,NA,NA,NA,NA,NA
"910",NA,6,NA,NA,NA,NA,NA,NA,NA,NA,NA,NA
"911",NA,6,NA,NA,NA,3.5,NA,NA,NA,NA,NA,NA
"912",6.5,NA,NA,6,NA,NA,6,NA,NA,NA,NA,NA
"913",NA,6,NA,6,NA,NA,5,NA,NA,NA,NA,NA
"914",6.5,9.5,8.5,8,10,7,8.5,8,7.5,9.5,9,9
"915",NA,6,6,NA,7,5,NA,NA,NA,NA,NA,NA
"916",NA,8,7.5,NA,7.5,6.5,NA,NA,NA,NA,NA,NA
"917",NA,7,6,NA,NA,6,NA,NA,NA,NA,NA,NA
"918",NA,7.5,7.5,NA,NA,6,NA,NA,NA,NA,NA,NA
"919",NA,8.5,7,NA,5,6,NA,NA,NA,NA,NA,NA
"920",NA,6.5,NA,NA,NA,NA,NA,NA,NA,NA,NA,NA
"921",NA,6.5,NA,NA,NA,3.5,NA,NA,NA,NA,NA,NA
"922",2.5,8.5,6,8,1.5,7,8.5,NA,NA,8,NA,NA
"923",NA,8,6,NA,NA,6.5,NA,5,NA,NA,NA,NA
"924",NA,3.5,NA,NA,NA,NA,NA,NA,NA,NA,NA,NA
"925",NA,8.5,7,NA,9,6,NA,NA,NA,NA,NA,NA
"926",7,8.5,8,6.5,NA,NA,6,NA,NA,4,NA,NA
"927",NA,9,7,NA,NA,6,NA,7.5,NA,NA,NA,NA
"928",NA,3,NA,NA,NA,NA,NA,NA,NA,NA,NA,NA
"929",NA,8,6,NA,NA,7.5,NA,NA,NA,NA,NA,NA
"930",NA,8.5,6,NA,NA,5,NA,NA,NA,NA,NA,NA
"931",8,9.5,8.5,8.5,9,7.5,9,8.5,10,9.5,9.5,NA
"932",7.5,8.5,7,8,8.5,7.5,8.5,9,8.5,9,10,10
"933",NA,5,NA,NA,NA,NA,NA,NA,NA,NA,NA,NA
"934",NA,8,1,NA,NA,2.5,NA,NA,NA,NA,NA,NA
"935",NA,8.5,7,NA,NA,6,NA,NA,NA,NA,NA,NA
"936",6,8.5,7.5,NA,8.5,9,7,NA,7.5,9,7.5,NA
"937",NA,3.5,4,NA,NA,6.5,NA,NA,NA,NA,NA,NA
"938",3.5,7.5,6,6,NA,7.5,6,5,7,NA,4,NA
"939",9,9,7,7.5,8.5,7,9.5,8.5,9.5,10,6.5,NA
"940",NA,8.5,7.5,NA,7.5,8,NA,NA,NA,NA,NA,NA
"941",NA,6,2,NA,NA,3.5,NA,NA,NA,NA,NA,NA
"942",NA,9,NA,NA,NA,8,NA,NA,NA,NA,NA,NA
"943",6.5,8,7,6.5,6,5,6.5,7,8,8,6.5,NA
"944",2,7.5,4,NA,NA,8,4,NA,NA,3.5,NA,NA
"945",8.5,9,8.5,7.5,8,7,7.5,8,8,8.5,NA,NA
"946",NA,8,NA,NA,NA,3.5,NA,NA,NA,NA,NA,NA
"947",NA,9,8.5,NA,9,7,NA,9,NA,NA,NA,NA
"948",NA,4.5,NA,NA,NA,NA,NA,NA,NA,NA,NA,NA
"949",NA,7,5,NA,NA,6,NA,NA,NA,NA,NA,NA
"950",NA,6,NA,NA,NA,NA,NA,NA,NA,NA,NA,NA
"951",NA,4,4,NA,NA,NA,NA,NA,NA,NA,NA,NA
"952",6,NA,6,6.5,NA,5,6,NA,NA,5,NA,NA
"953",NA,9,8,NA,NA,6,NA,NA,NA,NA,NA,NA
"954",3,7.5,6,5,NA,6.5,5,NA,NA,NA,NA,NA
"955",8.5,8,6,6.5,7,7.5,7.5,8.5,9,8,9.5,9.5
"956",6.5,8,7.5,6,6,2.5,7,7.5,6,7.5,9,9
"957",NA,3,NA,NA,NA,NA,NA,NA,NA,NA,NA,NA
"958",NA,3.5,NA,NA,NA,4,NA,NA,NA,NA,NA,NA
"959",3,6,6,3.5,NA,8.5,4,NA,NA,NA,NA,NA
"960",NA,9,6,NA,NA,7.5,NA,NA,NA,NA,NA,NA
"961",6.5,9,7,5,NA,7,6,NA,7.5,9,7,NA
"962",NA,6,6,NA,NA,7.5,NA,NA,NA,NA,NA,NA
"963",NA,6,6,NA,NA,6,NA,5,NA,NA,NA,NA
"964",NA,8.5,6.5,NA,7.5,6,NA,NA,NA,NA,NA,NA
"965",NA,9,8.5,NA,8,7.5,NA,NA,NA,NA,NA,NA
"966",5,8.5,6,6,NA,9,6.5,NA,6,6,4,NA
"967",NA,7,NA,NA,NA,NA,NA,NA,NA,NA,NA,NA
"968",NA,NA,NA,NA,8.5,7,NA,NA,NA,NA,NA,NA
"969",NA,7,5,4.5,NA,6,6.5,NA,NA,NA,NA,NA
"970",7,9.5,9,8.5,10,8,8.5,10,9,9.5,NA,NA
"971",NA,9.5,6,NA,8,8,NA,NA,NA,NA,NA,NA
"972",NA,6,NA,NA,NA,NA,NA,NA,NA,NA,NA,NA
"973",NA,7,NA,NA,NA,6,NA,NA,NA,NA,NA,NA
"974",6,8,7,NA,NA,6,6,NA,NA,5,NA,NA
"975",NA,6,4.5,NA,4.5,NA,NA,NA,NA,NA,NA,NA
"976",NA,9.5,10,9,NA,10,9,NA,NA,8.5,NA,NA
"977",NA,6,NA,NA,NA,NA,NA,NA,NA,NA,NA,NA
"978",NA,4.5,NA,NA,NA,NA,NA,NA,NA,NA,NA,NA
"979",NA,NA,NA,NA,9,NA,NA,7,NA,NA,9.5,NA
"980",NA,NA,NA,NA,NA,NA,NA,NA,9,NA,10,NA
"981",NA,NA,3.5,NA,8,NA,NA,NA,5,NA,8.5,8.5
"982",NA,9,6,NA,NA,7,NA,NA,NA,NA,NA,NA
"983",6,NA,6,6,NA,9,6.5,NA,NA,3.5,NA,NA
"984",NA,NA,NA,NA,8,NA,NA,5,8,NA,6.5,NA
"985",4.5,6,6,6,NA,6.5,6,NA,NA,5,NA,NA
"986",3,NA,6,NA,6,NA,NA,4,7,NA,NA,NA
"987",NA,NA,NA,NA,4.5,NA,3.5,NA,NA,3,NA,NA
"988",NA,NA,NA,NA,6.5,NA,NA,NA,4.5,NA,NA,NA
"989",NA,NA,NA,NA,NA,NA,NA,8,NA,NA,NA,NA
"990",NA,8,6.5,NA,NA,6,NA,NA,NA,NA,NA,NA
"991",NA,8,1,NA,NA,5,NA,NA,NA,NA,NA,NA
"992",7,NA,9.5,8.5,NA,9,7.5,NA,NA,5,NA,NA
"993",NA,6,NA,NA,NA,NA,NA,NA,NA,NA,NA,NA
"994",NA,NA,NA,NA,NA,NA,NA,7.5,NA,NA,NA,NA
"995",6.5,9,7,7,NA,8.5,5,NA,NA,3.5,NA,NA
"996",NA,9,8,NA,NA,8.5,7.5,NA,NA,NA,NA,NA
"997",NA,NA,NA,NA,8,5,NA,NA,8.5,NA,6,NA
"998",NA,NA,NA,NA,NA,NA,NA,NA,9.5,NA,9,NA
"999",6,9,8,6,NA,8.5,6,NA,NA,3,NA,NA
"1000",NA,7.5,9.5,NA,NA,9,NA,NA,NA,NA,NA,NA
"1001",NA,8.5,6.5,NA,NA,6.5,NA,NA,NA,NA,NA,NA
"1002",NA,NA,NA,NA,NA,NA,NA,5,NA,NA,NA,NA
"1003",NA,6,5,NA,NA,NA,NA,NA,NA,NA,NA,NA
"1004",NA,9,7,7,NA,5,6,NA,NA,4.5,NA,NA
"1005",NA,3.5,NA,NA,NA,NA,NA,NA,NA,NA,NA,NA
"1006",NA,9,3.5,NA,NA,6,2,NA,NA,NA,NA,NA
"1007",6,7,6,7,NA,7,5,NA,NA,5,NA,NA
"1008",NA,8,6.5,NA,NA,8,NA,NA,NA,NA,NA,NA
"1009",NA,8,7.5,NA,NA,9,NA,NA,NA,NA,NA,NA
"1010",1.5,6.5,3.5,2,NA,5,3.5,NA,NA,NA,NA,NA
"1011",NA,8.5,7.5,NA,NA,7.5,NA,NA,NA,NA,NA,NA
"1012",NA,8,8.5,NA,NA,8,NA,NA,NA,NA,NA,NA
"1013",NA,8.5,8,NA,NA,8.5,NA,NA,NA,NA,NA,NA
"1014",NA,6.5,NA,NA,NA,6.5,NA,NA,NA,NA,NA,NA
"1015",NA,9,6.5,6,NA,9,6.5,NA,NA,5,NA,NA
"1016",NA,9.5,9.5,NA,NA,10,NA,NA,NA,NA,NA,NA
"1017",6,8,8.5,NA,NA,8.5,7.5,NA,NA,7,NA,NA
"1018",NA,10,7.5,NA,NA,7,NA,NA,NA,NA,NA,NA
"1019",NA,4,4,NA,NA,2,NA,NA,NA,NA,NA,NA
"1020",NA,5,2.5,NA,NA,NA,NA,NA,NA,NA,NA,NA
"1021",NA,6,6,NA,NA,3.5,NA,NA,NA,NA,NA,NA
"1022",NA,2.5,NA,NA,NA,1.5,NA,NA,NA,NA,NA,NA
"1023",9.5,9.5,8,7,NA,9.5,9.5,NA,NA,8,NA,NA
"1024",NA,NA,NA,NA,NA,NA,NA,NA,NA,7,NA,NA
"1025",NA,NA,NA,NA,NA,NA,5,NA,NA,NA,NA,NA
"1026",NA,8,7,NA,NA,7,NA,NA,NA,NA,NA,NA
"1027",NA,5,NA,NA,NA,NA,NA,NA,NA,NA,NA,NA
"1028",NA,8,6.5,NA,NA,7.5,NA,NA,NA,NA,NA,NA
"1029",3.5,8.5,6.5,8,NA,8,6,NA,NA,3,NA,NA
"1030",NA,7,6.5,NA,NA,6,NA,NA,NA,NA,NA,NA
"1031",2,7.5,3.5,7,NA,NA,3,NA,NA,NA,NA,NA
"1032",2,6.5,6.5,4.5,NA,7,6,NA,NA,4,NA,NA
"1033",NA,NA,NA,NA,9,NA,NA,NA,NA,NA,NA,NA
"1034",NA,NA,7,NA,NA,7,NA,NA,NA,NA,NA,NA
"1035",NA,9.5,9,NA,NA,9.5,NA,NA,NA,NA,NA,NA
"1036",NA,4,NA,NA,NA,7,NA,NA,NA,NA,NA,NA
"1037",NA,9,6,NA,NA,8.5,NA,NA,NA,NA,NA,NA
"1038",NA,8.5,6.5,NA,NA,8,NA,NA,NA,NA,NA,NA
"1039",NA,7.5,7,NA,NA,8.5,NA,NA,NA,NA,NA,NA
"1040",3,7,1.5,1.5,NA,7.5,2,NA,NA,3,NA,NA
"1041",NA,7,6.5,NA,NA,7,NA,NA,NA,NA,NA,NA
"1042",NA,9,9,NA,NA,9.5,NA,NA,NA,NA,NA,NA
"1043",NA,4.5,NA,NA,NA,NA,NA,NA,NA,NA,NA,NA
"1044",NA,7,NA,NA,NA,NA,NA,NA,NA,NA,NA,NA
"1045",NA,8.5,6,NA,NA,8,NA,NA,NA,NA,NA,NA
"1046",NA,7.5,NA,NA,NA,NA,NA,NA,NA,NA,NA,NA
"1047",NA,7,7,NA,NA,7.5,NA,NA,NA,NA,NA,NA
"1048",NA,9.5,9.5,NA,NA,9.5,NA,NA,NA,NA,NA,NA
"1049",NA,7.5,1.5,NA,NA,6,NA,NA,NA,NA,NA,NA
"1050",4.5,9,6.5,7,NA,7.5,7.5,NA,NA,3,NA,NA
"1051",NA,6,NA,NA,NA,NA,NA,NA,NA,NA,NA,NA
"1052",NA,6.5,6,NA,NA,6,NA,NA,NA,NA,NA,NA
"1053",NA,8,6.5,6,NA,9,7,NA,NA,NA,NA,NA
"1054",NA,8,5,NA,NA,7.5,NA,NA,NA,NA,NA,NA
"1055",NA,7.5,8,NA,NA,6.5,NA,NA,NA,NA,NA,NA
"1056",NA,NA,NA,NA,NA,NA,NA,10,NA,NA,NA,NA
"1057",NA,8.5,9,NA,NA,8.5,NA,NA,NA,NA,NA,NA
"1058",NA,8.5,6.5,8,NA,9,NA,NA,NA,NA,NA,NA
"1059",6,9.5,8.5,6.5,NA,8.5,8,NA,NA,6,NA,NA
"1060",NA,6,4,NA,NA,3,NA,NA,NA,NA,NA,NA
"1061",NA,8,5,NA,NA,NA,NA,NA,NA,NA,NA,NA
"1062",NA,8.5,7.5,NA,NA,6,NA,NA,NA,NA,NA,NA
"1063",NA,6,1,NA,NA,5,4.5,NA,NA,NA,NA,NA
"1064",NA,8,3.5,NA,NA,7,NA,NA,NA,NA,NA,NA
"1065",NA,8.5,9.5,NA,NA,9,NA,NA,NA,NA,NA,NA
"1066",7,9.5,10,7,NA,9,8.5,NA,NA,7.5,NA,NA
"1067",NA,5,3.5,NA,NA,6,NA,NA,NA,NA,NA,NA
"1068",NA,4.5,NA,NA,NA,1.5,NA,NA,NA,NA,NA,NA
"1069",NA,7,4,NA,NA,4,NA,NA,NA,NA,NA,NA
"1070",NA,5,NA,NA,NA,5,NA,NA,NA,NA,NA,NA
"1071",NA,9.5,7,NA,NA,7.5,NA,NA,NA,NA,NA,NA
"1072",NA,9,9.5,NA,NA,9.5,NA,NA,NA,NA,NA,NA
"1073",8,9,9.5,9,NA,10,8,NA,NA,NA,NA,NA
"1074",NA,9.5,9.5,NA,NA,9.5,NA,NA,NA,NA,NA,NA
"1075",NA,7,6,NA,NA,7,NA,NA,NA,NA,NA,NA
"1076",7.5,8,9,8.5,NA,8.5,9,NA,NA,7,NA,NA
"1077",NA,7,6,NA,NA,7.5,NA,NA,NA,NA,NA,NA
"1078",NA,7,6,NA,NA,7.5,NA,NA,NA,NA,NA,NA
"1079",NA,2.5,NA,NA,NA,NA,NA,NA,NA,NA,NA,NA
"1080",NA,8,6,NA,NA,7.5,NA,NA,NA,NA,NA,NA
"1081",2,6.5,3,NA,NA,5,NA,NA,NA,NA,NA,NA
"1082",NA,7,2,NA,NA,5,NA,NA,NA,NA,NA,NA
"1083",NA,6.5,2.5,NA,NA,8.5,NA,NA,NA,NA,NA,NA
"1084",NA,6.5,NA,NA,NA,NA,NA,NA,NA,NA,NA,NA
"1085",NA,7,6,NA,NA,6,NA,NA,NA,NA,NA,NA
"1086",NA,8,9,NA,NA,7.5,NA,NA,NA,NA,NA,NA
"1087",NA,8,4.5,NA,NA,8,NA,NA,NA,NA,NA,NA
"1088",NA,NA,NA,NA,NA,NA,NA,5,NA,NA,NA,NA
"1089",NA,9,7,NA,NA,7.5,NA,NA,NA,NA,NA,NA
"1090",NA,8,6,NA,NA,7,NA,NA,NA,NA,NA,NA
"1091",NA,8,6.5,NA,NA,4,NA,NA,NA,NA,NA,NA
"1092",NA,5,3,NA,NA,6.5,NA,NA,NA,NA,NA,NA
"1093",NA,9,8,NA,NA,NA,NA,NA,NA,NA,NA,NA
"1094",7.5,8.5,8.5,8,NA,8,7.5,NA,NA,6.5,NA,NA
"1095",NA,8.5,NA,NA,NA,6.5,NA,NA,NA,NA,NA,NA
"1096",NA,8.5,8.5,NA,NA,8,NA,NA,NA,NA,NA,NA
"1097",NA,8.5,6.5,NA,NA,9,NA,NA,NA,NA,NA,NA
"1098",7.5,8,9,8.5,NA,8.5,7,NA,NA,6.5,NA,NA
"1099",NA,9,9,NA,NA,10,NA,NA,NA,NA,NA,NA
"1100",NA,8,4,NA,NA,7.5,NA,NA,NA,NA,NA,NA
"1101",NA,8.5,6,NA,NA,8.5,NA,NA,NA,NA,NA,NA
"1102",NA,6,3,NA,NA,NA,NA,NA,NA,NA,NA,NA
"1103",7,9,8,7.5,NA,6.5,8,NA,NA,6.5,NA,NA
"1104",NA,9.5,1,NA,NA,6.5,NA,NA,NA,NA,NA,NA
"1105",NA,9,6,NA,NA,4,NA,NA,NA,NA,NA,NA
"1106",NA,7,6,NA,NA,6,NA,NA,NA,NA,NA,NA
"1107",NA,5,2.5,NA,NA,6,NA,NA,NA,NA,NA,NA
"1108",NA,3.5,NA,NA,NA,NA,NA,NA,NA,NA,NA,NA
"1109",NA,7.5,3,NA,NA,6,NA,NA,NA,NA,NA,NA
"1110",NA,5,NA,NA,NA,NA,NA,NA,NA,NA,NA,NA
"1111",NA,8,7,NA,NA,6.5,NA,NA,NA,NA,NA,NA
"1112",NA,8,7,NA,NA,9.5,NA,NA,NA,NA,NA,NA
"1113",NA,6,5,NA,NA,7,NA,NA,NA,NA,NA,NA
"1114",NA,4,NA,NA,NA,NA,NA,NA,NA,NA,NA,NA
"1115",7,9,9.5,8.5,NA,9,10,NA,NA,7,NA,NA
"1116",NA,6,NA,NA,NA,NA,NA,NA,NA,NA,NA,NA
"1117",6,7.5,6,2.5,NA,7.5,7,NA,NA,2.5,NA,NA
"1118",NA,8.5,7,NA,NA,7,NA,NA,NA,NA,NA,NA
"1119",NA,8,9,NA,NA,8.5,NA,NA,NA,NA,NA,NA
"1120",3.5,6,NA,7.5,NA,7.5,6,NA,NA,NA,NA,NA
"1121",NA,9,7.5,NA,NA,8,NA,NA,NA,NA,NA,NA
"1122",NA,7.5,NA,NA,NA,NA,NA,NA,NA,NA,NA,NA
"1123",NA,9.5,10,NA,NA,9.5,NA,NA,NA,NA,NA,NA
"1124",NA,7.5,5,3.5,NA,NA,NA,NA,NA,NA,NA,NA
"1125",NA,NA,NA,NA,NA,NA,NA,8,NA,NA,NA,NA
"1126",1.5,4.5,NA,NA,NA,4.5,NA,NA,NA,NA,NA,NA
"1127",NA,9,6,NA,NA,8.5,NA,NA,NA,NA,NA,NA
"1128",NA,8,NA,NA,NA,NA,NA,NA,NA,NA,NA,NA
"1129",NA,9,9.5,NA,NA,8.5,NA,NA,NA,NA,NA,NA
"1130",NA,6,5,NA,NA,6.5,NA,NA,NA,NA,NA,NA
"1131",NA,8.5,6,NA,NA,9.5,NA,NA,NA,NA,NA,NA
"1132",NA,7.5,7,NA,NA,8,3.5,NA,NA,NA,NA,NA
"1133",7,8.5,9,8,NA,9,7,NA,NA,7,NA,NA
"1134",5,7.5,1.5,NA,NA,6,NA,NA,NA,3.5,NA,NA
"1135",NA,7,NA,NA,NA,6,NA,NA,NA,NA,NA,NA
"1136",NA,9,9,NA,NA,8.5,NA,NA,NA,3,NA,NA
"1137",6,7.5,8,8.5,NA,9,7.5,NA,NA,6,NA,NA
"1138",NA,7,NA,NA,NA,NA,NA,NA,NA,NA,NA,NA
"1139",NA,10,9,NA,NA,9,NA,NA,NA,NA,NA,NA
"1140",NA,9.5,9.5,9,NA,10,9,NA,NA,8,NA,NA
"1141",NA,8.5,6,NA,NA,7.5,NA,NA,NA,NA,NA,NA
"1142",NA,9,8.5,NA,NA,9.5,NA,NA,NA,NA,NA,NA
"1143",NA,5,5,NA,NA,4.5,NA,NA,NA,NA,NA,NA
"1144",NA,8.5,6,NA,NA,7,NA,NA,NA,NA,NA,NA
"1145",NA,8.5,7.5,NA,NA,7,NA,NA,NA,NA,NA,NA
"1146",NA,6.5,6.5,NA,NA,NA,NA,NA,NA,NA,NA,NA
"1147",8.5,9.5,9.5,NA,NA,9.5,8,NA,NA,8,NA,NA
"1148",NA,7.5,3.5,NA,NA,6.5,NA,NA,NA,NA,NA,NA
"1149",NA,9,8.5,NA,NA,NA,NA,NA,NA,NA,NA,NA
"1150",2.5,8,NA,NA,NA,7.5,NA,NA,NA,6,NA,NA
"1151",NA,6.5,5,NA,NA,5,NA,NA,NA,NA,NA,NA
"1152",NA,6.5,3,NA,NA,6,NA,NA,NA,NA,NA,NA
"1153",NA,6.5,6,NA,NA,6,NA,NA,NA,NA,NA,NA
"1154",NA,7.5,7,NA,NA,8,NA,NA,NA,NA,NA,NA
"1155",NA,8,7.5,NA,NA,6.5,NA,NA,NA,NA,NA,NA
"1156",NA,8,7,NA,NA,7,NA,NA,NA,NA,NA,NA
"1157",NA,4,NA,NA,NA,NA,NA,NA,NA,NA,NA,NA
"1158",NA,7.5,4,NA,NA,7,NA,NA,NA,NA,NA,NA
"1159",7,NA,NA,NA,NA,9.5,9.5,NA,NA,9.5,NA,NA
"1160",6,7,3.5,NA,NA,7,2.5,NA,NA,NA,NA,NA
"1161",NA,8,6,NA,NA,8,NA,NA,NA,NA,NA,NA
"1162",NA,7,2,NA,NA,3.5,NA,NA,NA,NA,NA,NA
"1163",NA,6,5,NA,NA,NA,NA,NA,NA,NA,NA,NA
"1164",NA,8,6,NA,NA,7.5,NA,NA,NA,NA,NA,NA
"1165",NA,8,NA,NA,NA,7,NA,NA,NA,NA,NA,NA
"1166",NA,9,8.5,NA,NA,7.5,NA,NA,NA,NA,NA,NA
"1167",NA,NA,10,NA,NA,10,NA,NA,NA,10,NA,NA
"1168",7.5,8.5,6,8,NA,8.5,6.5,NA,NA,8.5,NA,NA
"1169",NA,7,4,NA,NA,6,NA,NA,NA,NA,NA,NA
"1170",NA,8.5,8.5,NA,NA,6.5,NA,NA,NA,NA,NA,NA
"1171",6,8,5,7.5,NA,9,5,NA,NA,4,NA,NA
"1172",NA,6,5,NA,NA,7,NA,NA,NA,NA,NA,NA
"1173",NA,NA,NA,NA,NA,NA,NA,NA,NA,NA,6,NA
"1174",NA,8.5,8,NA,NA,9,NA,NA,NA,NA,NA,NA
"1175",NA,8.5,6.5,NA,NA,8,NA,NA,NA,NA,NA,NA
"1176",NA,NA,NA,NA,9,NA,NA,NA,NA,NA,9.5,NA
"1177",NA,NA,NA,NA,3,NA,NA,NA,NA,NA,NA,NA
"1178",NA,5,NA,NA,NA,NA,NA,NA,NA,NA,NA,NA
"1179",NA,6,NA,NA,NA,1,NA,NA,NA,NA,NA,NA
"1180",NA,4.5,NA,NA,NA,NA,NA,NA,NA,NA,NA,NA
"1181",NA,8.5,5,NA,NA,6.5,NA,NA,NA,NA,NA,NA
"1182",NA,6,5,NA,NA,9,NA,NA,NA,NA,NA,NA
"1183",NA,8,6,NA,NA,8,NA,NA,NA,NA,NA,NA
"1184",NA,NA,NA,NA,4,NA,NA,NA,NA,NA,6.5,6.5
"1185",6,7.5,3,7,NA,6.5,7.5,NA,NA,7,NA,NA
"1186",NA,8.5,7,NA,NA,8,NA,NA,NA,NA,NA,NA
"1187",NA,7.7,6.5,NA,NA,6.5,NA,NA,NA,NA,NA,NA
"1188",9.5,10,10,9,NA,10,NA,NA,NA,6.5,NA,NA
"1189",NA,1.5,NA,NA,NA,NA,NA,NA,NA,NA,NA,NA
"1190",NA,7,7,NA,NA,8,NA,NA,NA,NA,NA,NA
"1191",NA,8.5,7,NA,NA,6.5,NA,NA,NA,NA,NA,NA
"1192",NA,8.5,3,NA,NA,6.5,NA,NA,NA,NA,NA,NA
"1193",NA,8,6,NA,NA,8.5,NA,NA,NA,NA,NA,NA
"1194",NA,4,NA,NA,NA,NA,NA,NA,NA,NA,NA,NA
"1195",NA,3.5,NA,NA,NA,1,NA,NA,NA,NA,NA,NA
"1196",8,NA,NA,NA,NA,NA,NA,NA,8.5,NA,NA,NA
"1197",NA,NA,NA,NA,NA,NA,NA,NA,NA,NA,9,9
"1198",NA,NA,7,7.5,7,7,7,NA,7,6,7.5,NA
"1199",NA,NA,NA,NA,8,NA,NA,NA,NA,NA,NA,NA
"1200",NA,NA,NA,NA,4,NA,NA,NA,NA,NA,NA,NA
"1201",NA,7.5,8.5,NA,NA,6,NA,NA,NA,NA,NA,NA
"1202",NA,7.5,NA,NA,NA,8,NA,NA,NA,NA,NA,NA
"1203",NA,4,NA,NA,NA,NA,NA,NA,NA,NA,NA,NA
"1204",3,7.5,3.5,5,NA,6.5,4.5,NA,NA,1.5,NA,NA
"1205",NA,NA,NA,NA,10,NA,NA,NA,NA,NA,NA,NA
"1206",NA,5,NA,NA,NA,NA,NA,NA,NA,NA,NA,NA
"1207",6.5,9,7.5,8.5,NA,10,8,NA,NA,7,NA,NA
"1208",NA,6,NA,NA,NA,NA,NA,NA,NA,NA,NA,NA
"1209",NA,6,3.5,NA,NA,3,NA,NA,NA,NA,NA,NA
"1210",NA,8,4.5,NA,NA,8,NA,NA,NA,NA,NA,NA
"1211",NA,6,NA,NA,NA,NA,NA,NA,NA,NA,NA,NA
"1212",9,9,8,NA,NA,9,NA,NA,NA,6.5,NA,NA
"1213",NA,8,6,NA,NA,7.5,NA,NA,NA,NA,NA,NA
"1214",NA,6.5,3.5,NA,NA,6,NA,NA,NA,NA,NA,NA
"1215",NA,7.5,6,NA,NA,7,NA,NA,NA,NA,NA,NA
"1216",NA,6,NA,NA,NA,NA,NA,NA,NA,NA,NA,NA
"1217",NA,8.5,6.5,NA,NA,8,NA,NA,NA,NA,NA,NA
"1218",NA,8.5,4.5,NA,NA,NA,NA,NA,NA,NA,NA,NA
"1219",NA,NA,NA,NA,NA,NA,NA,NA,9,NA,NA,NA
"1220",6.5,7,5,NA,NA,NA,8,NA,NA,5,NA,NA
"1221",NA,9.5,NA,NA,NA,NA,NA,NA,NA,NA,NA,NA
"1222",6.5,8,6,6.5,NA,8,8,NA,NA,6,NA,NA
"1223",NA,NA,NA,NA,NA,NA,NA,NA,NA,6.5,8,NA
"1224",NA,NA,NA,NA,NA,NA,NA,NA,NA,6,6,NA
"1225",NA,NA,NA,NA,NA,NA,NA,NA,NA,NA,10,10
"1226",NA,NA,NA,NA,NA,7,NA,NA,NA,NA,NA,NA
"1227",NA,9,NA,NA,NA,NA,NA,NA,NA,NA,NA,NA
"1228",NA,3,NA,NA,NA,NA,NA,NA,NA,NA,NA,NA
"1229",NA,NA,NA,NA,7,NA,NA,NA,NA,NA,8,NA
"1230",1,NA,NA,NA,NA,NA,NA,NA,NA,NA,NA,NA
"1231",NA,NA,NA,NA,NA,NA,NA,NA,NA,NA,8,8
"1232",NA,NA,NA,NA,6,NA,NA,NA,NA,NA,NA,NA
"1233",NA,NA,NA,NA,NA,NA,NA,9,NA,NA,NA,NA
"1234",NA,NA,NA,NA,NA,NA,NA,NA,NA,NA,7.5,7.5
"1235",NA,NA,NA,NA,NA,NA,NA,NA,NA,NA,9,NA
"1236",NA,NA,NA,NA,4,NA,NA,NA,NA,NA,NA,NA
"1237",NA,NA,NA,NA,NA,NA,NA,6.5,NA,NA,NA,NA
"1238",NA,7,5,NA,NA,8,NA,NA,NA,NA,NA,NA
"1239",NA,NA,NA,NA,NA,NA,NA,7,NA,NA,NA,NA
"1240",NA,NA,NA,NA,NA,NA,NA,9,NA,NA,NA,NA
"1241",NA,NA,NA,NA,NA,NA,5,NA,NA,NA,NA,NA
"1242",NA,NA,NA,NA,NA,NA,1.5,NA,NA,NA,NA,NA
